Workbook
Name CreateSearchString: _xlfn.LAMBDA(_xlpm._in,IF(_xlpm._in="","",","&SUBSTITUTE(SUBSTITUTE(_xlpm._in,CHAR(10),"")," ","")&IF(RIGHT(_xlpm._in,1)=",","",",")))
Name EscapeString: _xlfn.LAMBDA(_xlpm._string,SUBSTITUTE(_xlpm._string,CHAR(34),"'"))
Name GenerateRationale: _xlfn.LAMBDA(_xlpm._in, OFFSET(_xlpm._in,0,0)&": "&CHAR(10)& OFFSET(_xlpm._in,0,1)&": "&CHAR(10)& OFFSET(_xlpm._in,0,2)&": "&CHAR(10)& OFFSET(_xlpm._in,0,3)&": "&CHAR(10)& OFFSET(_xlpm._in,0,4)&": ")
Name GetReferenceText: _xlfn.LAMBDA(_xlpm._reference, _xlfn.LET( _xlpm._full,CELL("address",_xlpm._reference),"'"&SUBSTITUTE(SUBSTITUTE(RIGHT(_xlpm._full,LEN(_xlpm._full)-FIND("]",_xlpm._full)),"'!","!"),"!","'!")))
Name GetSheetName: _xlfn.LAMBDA(_xlpm._shadowIDHeader, _xlfn.LET( _xlpm._sheetAddress,CELL("filename",_xlpm._shadowIDHeader), RIGHT(_xlpm._sheetAddress,LEN(_xlpm._sheetAddress)-FIND("]",_xlpm._sheetAddress))))
Name JSON_Questionnaire: JSON!$C$7
Name JSON_ResultSummary: JSON!$C$9
Name JSON_RiskTreatment: JSON!$C$8
Name LookupNames: _xlfn.LAMBDA(_xlpm._in,_xlpm._range,RemoveDelimiter(GetValues(SanitizeInput(_xlpm._in),_xlpm._range," ",","&CHAR(10),TRUE),","&CHAR(10)))
Name PrintDate: _xlfn.LAMBDA(_xlpm._date,TEXT(DAY(_xlpm._date),"00")&"."&TEXT(MONTH(_xlpm._date),"00")&"."&TEXT(YEAR(_xlpm._date),"0000"))
Name RemoveDelimiter: _xlfn.LAMBDA(_xlpm._in,_xlpm._delimiter,IF(_xlpm._in="","",SUBSTITUTE(SUBSTITUTE(_xlpm._in&CHAR(1),_xlpm._delimiter&CHAR(1),""),CHAR(1),"")))
Name RemoveFirstElement: _xlfn.LAMBDA(_xlpm._in,IF(_xlpm._in="","",SUBSTITUTE(SUBSTITUTE(SUBSTITUTE("#"&_xlpm._in,",",",#"),"#"&LEFT(_xlpm._in,FIND(",",_xlpm._in)),""),"#","")))
Name SanitizeInput: _xlfn.LAMBDA(_xlpm._in,IF(_xlpm._in="","",SUBSTITUTE(SUBSTITUTE(_xlpm._in,CHAR(10),"")," ","")&IF(RIGHT(_xlpm._in,1)=",","",",")))
Name SimpleLookup: _xlfn.LAMBDA(_xlpm._id,_xlpm._range,VLOOKUP(_xlpm._id,_xlpm._range,COLUMNS(_xlpm._range),FALSE))
Name SimpleLookupWithErrorMessage: _xlfn.LAMBDA(_xlpm._searchFor,_xlpm._searchRange,IFERROR(VLOOKUP(_xlpm._searchFor,_xlpm._searchRange,COLUMNS(_xlpm._searchRange),FALSE),"ERROR: Unknown ID: "&_xlpm._searchFor))

Sheet License
A2: Questionnaire-Based Assessment (QuBA) © 2025 by SICK AG and Fraunhofer-Institut für Angewandte und Integrierte Sicherheit AISEC is licensed under CC BY-SA 4.0. To view a copy of this license, visit https://creativecommons.org/licenses/by-sa/4.0/

Sheet README
A1: Quick Start Guide (See below for more detailed explanations)
B2: {=HYPERLINK("#"&GetReferenceText(Definitions!$C$4),"(0) Tailor the assessment model and the catalogs.")} -> (0) Tailor the assessment model and the catalogs.
B3: Make sure you tailor the document, especially the assessment model contained in the Definitions sheet and the catalogs, to your organization. For example, adapt the exemplary risk matrix to a matrix that fits your organization and its context.
B4: {=HYPERLINK("#"&GetReferenceText(Documentation!$C$2),"(1) Provide basic information in the Documentation sheet.")} -> (1) Provide basic information in the Documentation sheet.
B5: {=HYPERLINK("#"&GetReferenceText(Questionnaire!$D$6),"(2) Answer the questions in the Questionnaire sheet. Fill all marked boxes.")} -> (2) Answer the questions in the Questionnaire sheet. Fill all marked boxes.
B6: {=HYPERLINK("#"&GetReferenceText(Risks!$A$2),"(3) Ensure that the table in the Risks sheet is large enough to calculate all attack paths.")} -> (3) Ensure that the table in the Risks sheet is large enough to calculate all attack paths.
B7: If the message "Please enlarge the table to calculate all risks!" is displayed, then follow these steps: (1) Click on the blue triangle in the bottom right corner of the table, above the area colored in red. (2) Hold the left mouse button and drag the mouse downward until the red area is covered.
B8: {=HYPERLINK("#"&GetReferenceText(Mitigation!$J$3),"(4) Assign assumptions and countermeasures mitigating specific attack steps in the Mitigation sheet.")} -> (4) Assign assumptions and countermeasures mitigating specific attack steps in the Mitigation sheet.
B9: Recommendation: Copy the column Proposed Active Assumptions and paste as values into the column C and A IDs. These assumptions match the answers provided in the questionnaire. See below for additional information.
B10: {=HYPERLINK("#"&GetReferenceText('Risk Treatment'!$A$5),"(5) Make risk treatment decisions in the Risk Treatment sheet.")} -> (5) Make risk treatment decisions in the Risk Treatment sheet.
A12: General Remarks
B13: * Whenever several items can be referenced, use comma-separated lists, denoted as CSV in the explanations below.
B14: * Some cells are restricted to choosing from a pre-defined list of options, denoted by drop-down menu in the explanations below.
B15: * All comment columns that accept text can be used with the Tasks feature (see the explanation for the Tasks sheet).
B16: * When copying, always paste as values!
B17: * For all questions that contain several criteria (e.g., "Is the access to the network restricted and are the devices in the network considered as trustworthy?":
B18: Only select "Yes" as an answer if all criteria a true (in this case, access is restricted and the devices are trustworthy).
A20: Sheet Color | B20: Explanation
A21: Black | B21: This readme, the answering guideline, and the version history.
A22: Light Grey | B22: Catalogs - these are versioned and centrally managed. Do not edit during an analysis.
A23: Dark Grey | B23: Fill these sheets to complete the analysis.
A24: Blue | B24: Calculation and presentation of results.
A25: Green | B25: The summary of the resulting assumptions and countermeasures, including IDs for the external catalog, if available.
A27: Text Format | B27: Explanation
A28: White | B28: Contents of the analysis or the template. May be text or a formula.
A29: Green | B29: Calculated values, do not edit as the formula is included in template version management.
A30: Light Green | B30: The target of a link from the Tasks sheet (typically a TODO).
A31: Light Green | B31: A link.
A32: Lime | B32: On this README sheet in the table below: Highlights the sheets that must be filled in an analysis.
A34: Detailed explanations for each sheet
A35: Sheet | B35: Column | C35: Explanation | D35: Comment | E35: Sheet Name | F35: Column Letter | G35: Header Row | H35: Sheet # | I35: Column Original Name | K35: Column Header Address | L35: Explicit Link Text | M35: Additional information
A36: {=IF(INDEX($H:$H,ROW()-1)<>$H36,$E36,"")} -> Version History | B36: {=IF($K36="","",_xlfn.LET( _xlpm._fullName,IF($L36="",SUBSTITUTE(SUBSTITUTE(INDIRECT($K36),CHAR(10)," ")," "," "),$L36), _xlpm._truncatedName,IF(LEN(_xlpm._fullName)>250,LEFT(_xlpm._fullName,250)&"[…]",_xlpm._fullName), HYPERLINK("#'"&$E36&"'!"&$F36&$G36, _xlpm._truncatedName)))} -> Template Version History | C36: A version history for the template (independent of the assessment). | E36: =IF($K36="","",_xlfn.LET( _xlpm._in,$K36, _xlpm._start,FIND("]",_xlpm._in)+1, SUBSTITUTE(MID(_xlpm._in,_xlpm._start,FIND("!",_xlpm._in)-_xlpm._start),"'",""))) -> Version History | F36: =IF($K36="","",_xlfn.LET( _xlpm._in,SUBSTITUTE($K36,"$","§",1), _xlpm._start,FIND("§",_xlpm._in)+1, SUBSTITUTE(MID(_xlpm._in,_xlpm._start,FIND("$",_xlpm._in)-_xlpm._start),"'",""))) -> B | G36: =IF($K36="","",RIGHT($K36,LEN($K36)-FIND("$",SUBSTITUTE($K36,"$","§",1)))) -> 1 | H36: {=CreateID($H$35,$E36<>INDEX($E:$E,ROW()-1))} -> 1 | I36: {=INDIRECT($K36)} -> Template Version History | K36: {=CELL("address",'Version History'!$B$1)} -> '[QuBA-libre.xlsx]Version History'!$B$1
A37: {=IF(INDEX($H:$H,ROW()-1)<>$H37,$E37,"")} | B37: {=IF($K37="","",_xlfn.LET( _xlpm._fullName,IF($L37="",SUBSTITUTE(SUBSTITUTE(INDIRECT($K37),CHAR(10)," ")," "," "),$L37), _xlpm._truncatedName,IF(LEN(_xlpm._fullName)>250,LEFT(_xlpm._fullName,250)&"[…]",_xlpm._fullName), HYPERLINK("#'"&$E37&"'!"&$F37&$G37, _xlpm._truncatedName)))} -> Definitions and Damage Scenarios Version History | C37: A version history for the Definitions sheet. Note that this usually relates to changes in the assessment model. | E37: =IF($K37="","",_xlfn.LET( _xlpm._in,$K37, _xlpm._start,FIND("]",_xlpm._in)+1, SUBSTITUTE(MID(_xlpm._in,_xlpm._start,FIND("!",_xlpm._in)-_xlpm._start),"'",""))) -> Version History | F37: =IF($K37="","",_xlfn.LET( _xlpm._in,SUBSTITUTE($K37,"$","§",1), _xlpm._start,FIND("§",_xlpm._in)+1, SUBSTITUTE(MID(_xlpm._in,_xlpm._start,FIND("$",_xlpm._in)-_xlpm._start),"'",""))) -> B | G37: =IF($K37="","",RIGHT($K37,LEN($K37)-FIND("$",SUBSTITUTE($K37,"$","§",1)))) -> 6 | H37: {=CreateID($H$35,$E37<>INDEX($E:$E,ROW()-1))} -> 1 | I37: {=INDIRECT($K37)} -> Definitions and Damage Scenarios Version History | K37: {=CELL("address",'Version History'!$B$6)} -> '[QuBA-libre.xlsx]Version History'!$B$6
A38: {=IF(INDEX($H:$H,ROW()-1)<>$H38,$E38,"")} | B38: {=IF($K38="","",_xlfn.LET( _xlpm._fullName,IF($L38="",SUBSTITUTE(SUBSTITUTE(INDIRECT($K38),CHAR(10)," ")," "," "),$L38), _xlpm._truncatedName,IF(LEN(_xlpm._fullName)>250,LEFT(_xlpm._fullName,250)&"[…]",_xlpm._fullName), HYPERLINK("#'"&$E38&"'!"&$F38&$G38, _xlpm._truncatedName)))} -> Attack Steps Version History | C38: A version history for the attack step catalog. | E38: =IF($K38="","",_xlfn.LET( _xlpm._in,$K38, _xlpm._start,FIND("]",_xlpm._in)+1, SUBSTITUTE(MID(_xlpm._in,_xlpm._start,FIND("!",_xlpm._in)-_xlpm._start),"'",""))) -> Version History | F38: =IF($K38="","",_xlfn.LET( _xlpm._in,SUBSTITUTE($K38,"$","§",1), _xlpm._start,FIND("§",_xlpm._in)+1, SUBSTITUTE(MID(_xlpm._in,_xlpm._start,FIND("$",_xlpm._in)-_xlpm._start),"'",""))) -> B | G38: =IF($K38="","",RIGHT($K38,LEN($K38)-FIND("$",SUBSTITUTE($K38,"$","§",1)))) -> 11 | H38: {=CreateID($H$35,$E38<>INDEX($E:$E,ROW()-1))} -> 1 | I38: {=INDIRECT($K38)} -> Attack Steps Version History | K38: {=CELL("address",'Version History'!$B$11)} -> '[QuBA-libre.xlsx]Version History'!$B$11
A39: {=IF(INDEX($H:$H,ROW()-1)<>$H39,$E39,"")} | B39: {=IF($K39="","",_xlfn.LET( _xlpm._fullName,IF($L39="",SUBSTITUTE(SUBSTITUTE(INDIRECT($K39),CHAR(10)," ")," "," "),$L39), _xlpm._truncatedName,IF(LEN(_xlpm._fullName)>250,LEFT(_xlpm._fullName,250)&"[…]",_xlpm._fullName), HYPERLINK("#'"&$E39&"'!"&$F39&$G39, _xlpm._truncatedName)))} -> Assumptions Version History | C39: A version history for the assumption catalog. | E39: =IF($K39="","",_xlfn.LET( _xlpm._in,$K39, _xlpm._start,FIND("]",_xlpm._in)+1, SUBSTITUTE(MID(_xlpm._in,_xlpm._start,FIND("!",_xlpm._in)-_xlpm._start),"'",""))) -> Version History | F39: =IF($K39="","",_xlfn.LET( _xlpm._in,SUBSTITUTE($K39,"$","§",1), _xlpm._start,FIND("§",_xlpm._in)+1, SUBSTITUTE(MID(_xlpm._in,_xlpm._start,FIND("$",_xlpm._in)-_xlpm._start),"'",""))) -> B | G39: =IF($K39="","",RIGHT($K39,LEN($K39)-FIND("$",SUBSTITUTE($K39,"$","§",1)))) -> 16 | H39: {=CreateID($H$35,$E39<>INDEX($E:$E,ROW()-1))} -> 1 | I39: {=INDIRECT($K39)} -> Assumptions Version History | K39: {=CELL("address",'Version History'!$B$16)} -> '[QuBA-libre.xlsx]Version History'!$B$16
A40: {=IF(INDEX($H:$H,ROW()-1)<>$H40,$E40,"")} | B40: {=IF($K40="","",_xlfn.LET( _xlpm._fullName,IF($L40="",SUBSTITUTE(SUBSTITUTE(INDIRECT($K40),CHAR(10)," ")," "," "),$L40), _xlpm._truncatedName,IF(LEN(_xlpm._fullName)>250,LEFT(_xlpm._fullName,250)&"[…]",_xlpm._fullName), HYPERLINK("#'"&$E40&"'!"&$F40&$G40, _xlpm._truncatedName)))} -> Countermeasures Version History | C40: A version history for the countermeasure catalog. | E40: =IF($K40="","",_xlfn.LET( _xlpm._in,$K40, _xlpm._start,FIND("]",_xlpm._in)+1, SUBSTITUTE(MID(_xlpm._in,_xlpm._start,FIND("!",_xlpm._in)-_xlpm._start),"'",""))) -> Version History | F40: =IF($K40="","",_xlfn.LET( _xlpm._in,SUBSTITUTE($K40,"$","§",1), _xlpm._start,FIND("§",_xlpm._in)+1, SUBSTITUTE(MID(_xlpm._in,_xlpm._start,FIND("$",_xlpm._in)-_xlpm._start),"'",""))) -> B | G40: =IF($K40="","",RIGHT($K40,LEN($K40)-FIND("$",SUBSTITUTE($K40,"$","§",1)))) -> 21 | H40: {=CreateID($H$35,$E40<>INDEX($E:$E,ROW()-1))} -> 1 | I40: {=INDIRECT($K40)} -> Countermeasures Version History | K40: {=CELL("address",'Version History'!$B$21)} -> '[QuBA-libre.xlsx]Version History'!$B$21
A41: {=IF(INDEX($H:$H,ROW()-1)<>$H41,$E41,"")} -> Definitions | B41: {=IF($K41="","",_xlfn.LET( _xlpm._fullName,IF($L41="",SUBSTITUTE(SUBSTITUTE(INDIRECT($K41),CHAR(10)," ")," "," "),$L41), _xlpm._truncatedName,IF(LEN(_xlpm._fullName)>250,LEFT(_xlpm._fullName,250)&"[…]",_xlpm._fullName), HYPERLINK("#'"&$E41&"'!"&$F41&$G41, _xlpm._truncatedName)))} -> Yes / No | C41: Defines the answers yes and no for the Questionnaire sheet. | E41: =IF($K41="","",_xlfn.LET( _xlpm._in,$K41, _xlpm._start,FIND("]",_xlpm._in)+1, SUBSTITUTE(MID(_xlpm._in,_xlpm._start,FIND("!",_xlpm._in)-_xlpm._start),"'",""))) -> Definitions | F41: =IF($K41="","",_xlfn.LET( _xlpm._in,SUBSTITUTE($K41,"$","§",1), _xlpm._start,FIND("§",_xlpm._in)+1, SUBSTITUTE(MID(_xlpm._in,_xlpm._start,FIND("$",_xlpm._in)-_xlpm._start),"'",""))) -> A | G41: =IF($K41="","",RIGHT($K41,LEN($K41)-FIND("$",SUBSTITUTE($K41,"$","§",1)))) -> 2 | H41: {=CreateID($H$35,$E41<>INDEX($E:$E,ROW()-1))} -> 2 | I41: {=INDIRECT($K41)} -> Yes / No | K41: {=CELL("address",Definitions!$A$2)} -> '[QuBA-libre.xlsx]Definitions'!$A$2
A42: {=IF(INDEX($H:$H,ROW()-1)<>$H42,$E42,"")} | B42: {=IF($K42="","",_xlfn.LET( _xlpm._fullName,IF($L42="",SUBSTITUTE(SUBSTITUTE(INDIRECT($K42),CHAR(10)," ")," "," "),$L42), _xlpm._truncatedName,IF(LEN(_xlpm._fullName)>250,LEFT(_xlpm._fullName,250)&"[…]",_xlpm._fullName), HYPERLINK("#'"&$E42&"'!"&$F42&$G42, _xlpm._truncatedName)))} -> Company Name | C42: Defines the name of the company. | E42: =IF($K42="","",_xlfn.LET( _xlpm._in,$K42, _xlpm._start,FIND("]",_xlpm._in)+1, SUBSTITUTE(MID(_xlpm._in,_xlpm._start,FIND("!",_xlpm._in)-_xlpm._start),"'",""))) -> Definitions | F42: =IF($K42="","",_xlfn.LET( _xlpm._in,SUBSTITUTE($K42,"$","§",1), _xlpm._start,FIND("§",_xlpm._in)+1, SUBSTITUTE(MID(_xlpm._in,_xlpm._start,FIND("$",_xlpm._in)-_xlpm._start),"'",""))) -> C | G42: =IF($K42="","",RIGHT($K42,LEN($K42)-FIND("$",SUBSTITUTE($K42,"$","§",1)))) -> 2 | H42: {=CreateID($H$35,$E42<>INDEX($E:$E,ROW()-1))} -> 2 | I42: {=INDIRECT($K42)} -> Company Name | K42: {=CELL("address",Definitions!$C$2)} -> '[QuBA-libre.xlsx]Definitions'!$C$2
A43: {=IF(INDEX($H:$H,ROW()-1)<>$H43,$E43,"")} | B43: {=IF($K43="","",_xlfn.LET( _xlpm._fullName,IF($L43="",SUBSTITUTE(SUBSTITUTE(INDIRECT($K43),CHAR(10)," ")," "," "),$L43), _xlpm._truncatedName,IF(LEN(_xlpm._fullName)>250,LEFT(_xlpm._fullName,250)&"[…]",_xlpm._fullName), HYPERLINK("#'"&$E43&"'!"&$F43&$G43, _xlpm._truncatedName)))} -> Damage Categories | C43: Defines damage categories to be used in the Questionnaire sheet. | E43: =IF($K43="","",_xlfn.LET( _xlpm._in,$K43, _xlpm._start,FIND("]",_xlpm._in)+1, SUBSTITUTE(MID(_xlpm._in,_xlpm._start,FIND("!",_xlpm._in)-_xlpm._start),"'",""))) -> Definitions | F43: =IF($K43="","",_xlfn.LET( _xlpm._in,SUBSTITUTE($K43,"$","§",1), _xlpm._start,FIND("§",_xlpm._in)+1, SUBSTITUTE(MID(_xlpm._in,_xlpm._start,FIND("$",_xlpm._in)-_xlpm._start),"'",""))) -> E | G43: =IF($K43="","",RIGHT($K43,LEN($K43)-FIND("$",SUBSTITUTE($K43,"$","§",1)))) -> 2 | H43: {=CreateID($H$35,$E43<>INDEX($E:$E,ROW()-1))} -> 2 | I43: {=INDIRECT($K43)} -> Damage Categories | K43: {=CELL("address",Definitions!$E$2)} -> '[QuBA-libre.xlsx]Definitions'!$E$2
A44: {=IF(INDEX($H:$H,ROW()-1)<>$H44,$E44,"")} | B44: {=IF($K44="","",_xlfn.LET( _xlpm._fullName,IF($L44="",SUBSTITUTE(SUBSTITUTE(INDIRECT($K44),CHAR(10)," ")," "," "),$L44), _xlpm._truncatedName,IF(LEN(_xlpm._fullName)>250,LEFT(_xlpm._fullName,250)&"[…]",_xlpm._fullName), HYPERLINK("#'"&$E44&"'!"&$F44&$G44, _xlpm._truncatedName)))} -> Damage Criteria | C44: Defines damage criteria to be used in the Questionnaire sheet. | E44: =IF($K44="","",_xlfn.LET( _xlpm._in,$K44, _xlpm._start,FIND("]",_xlpm._in)+1, SUBSTITUTE(MID(_xlpm._in,_xlpm._start,FIND("!",_xlpm._in)-_xlpm._start),"'",""))) -> Definitions | F44: =IF($K44="","",_xlfn.LET( _xlpm._in,SUBSTITUTE($K44,"$","§",1), _xlpm._start,FIND("§",_xlpm._in)+1, SUBSTITUTE(MID(_xlpm._in,_xlpm._start,FIND("$",_xlpm._in)-_xlpm._start),"'",""))) -> G | G44: =IF($K44="","",RIGHT($K44,LEN($K44)-FIND("$",SUBSTITUTE($K44,"$","§",1)))) -> 2 | H44: {=CreateID($H$35,$E44<>INDEX($E:$E,ROW()-1))} -> 2 | I44: {=INDIRECT($K44)} -> Damage Criteria | K44: {=CELL("address",Definitions!$G$2)} -> '[QuBA-libre.xlsx]Definitions'!$G$2
A45: {=IF(INDEX($H:$H,ROW()-1)<>$H45,$E45,"")} | B45: {=IF($K45="","",_xlfn.LET( _xlpm._fullName,IF($L45="",SUBSTITUTE(SUBSTITUTE(INDIRECT($K45),CHAR(10)," ")," "," "),$L45), _xlpm._truncatedName,IF(LEN(_xlpm._fullName)>250,LEFT(_xlpm._fullName,250)&"[…]",_xlpm._fullName), HYPERLINK("#'"&$E45&"'!"&$F45&$G45, _xlpm._truncatedName)))} -> Risk Treatment | C45: Defines risk treatment options for the Risk Treatment sheet. | E45: =IF($K45="","",_xlfn.LET( _xlpm._in,$K45, _xlpm._start,FIND("]",_xlpm._in)+1, SUBSTITUTE(MID(_xlpm._in,_xlpm._start,FIND("!",_xlpm._in)-_xlpm._start),"'",""))) -> Definitions | F45: =IF($K45="","",_xlfn.LET( _xlpm._in,SUBSTITUTE($K45,"$","§",1), _xlpm._start,FIND("§",_xlpm._in)+1, SUBSTITUTE(MID(_xlpm._in,_xlpm._start,FIND("$",_xlpm._in)-_xlpm._start),"'",""))) -> M | G45: =IF($K45="","",RIGHT($K45,LEN($K45)-FIND("$",SUBSTITUTE($K45,"$","§",1)))) -> 2 | H45: {=CreateID($H$35,$E45<>INDEX($E:$E,ROW()-1))} -> 2 | I45: {=INDIRECT($K45)} -> Risk Treatment | K45: {=CELL("address",Definitions!$M$2)} -> '[QuBA-libre.xlsx]Definitions'!$M$2
A46: {=IF(INDEX($H:$H,ROW()-1)<>$H46,$E46,"")} | B46: {=IF($K46="","",_xlfn.LET( _xlpm._fullName,IF($L46="",SUBSTITUTE(SUBSTITUTE(INDIRECT($K46),CHAR(10)," ")," "," "),$L46), _xlpm._truncatedName,IF(LEN(_xlpm._fullName)>250,LEFT(_xlpm._fullName,250)&"[…]",_xlpm._fullName), HYPERLINK("#'"&$E46&"'!"&$F46&$G46, _xlpm._truncatedName)))} -> Type of gateway | C46: Defines options for a matching question in the Questionnaire sheet. | E46: =IF($K46="","",_xlfn.LET( _xlpm._in,$K46, _xlpm._start,FIND("]",_xlpm._in)+1, SUBSTITUTE(MID(_xlpm._in,_xlpm._start,FIND("!",_xlpm._in)-_xlpm._start),"'",""))) -> Definitions | F46: =IF($K46="","",_xlfn.LET( _xlpm._in,SUBSTITUTE($K46,"$","§",1), _xlpm._start,FIND("§",_xlpm._in)+1, SUBSTITUTE(MID(_xlpm._in,_xlpm._start,FIND("$",_xlpm._in)-_xlpm._start),"'",""))) -> O | G46: =IF($K46="","",RIGHT($K46,LEN($K46)-FIND("$",SUBSTITUTE($K46,"$","§",1)))) -> 2 | H46: {=CreateID($H$35,$E46<>INDEX($E:$E,ROW()-1))} -> 2 | I46: {=INDIRECT($K46)} -> Type of gateway | K46: {=CELL("address",Definitions!$O$2)} -> '[QuBA-libre.xlsx]Definitions'!$O$2
A47: {=IF(INDEX($H:$H,ROW()-1)<>$H47,$E47,"")} | B47: {=IF($K47="","",_xlfn.LET( _xlpm._fullName,IF($L47="",SUBSTITUTE(SUBSTITUTE(INDIRECT($K47),CHAR(10)," ")," "," "),$L47), _xlpm._truncatedName,IF(LEN(_xlpm._fullName)>250,LEFT(_xlpm._fullName,250)&"[…]",_xlpm._fullName), HYPERLINK("#'"&$E47&"'!"&$F47&$G47, _xlpm._truncatedName)))} -> Damage Levels | C47: Defines the damage levels for risk calculation (sheets Risks, Mitigation, and Risk Treatment). | E47: =IF($K47="","",_xlfn.LET( _xlpm._in,$K47, _xlpm._start,FIND("]",_xlpm._in)+1, SUBSTITUTE(MID(_xlpm._in,_xlpm._start,FIND("!",_xlpm._in)-_xlpm._start),"'",""))) -> Definitions | F47: =IF($K47="","",_xlfn.LET( _xlpm._in,SUBSTITUTE($K47,"$","§",1), _xlpm._start,FIND("§",_xlpm._in)+1, SUBSTITUTE(MID(_xlpm._in,_xlpm._start,FIND("$",_xlpm._in)-_xlpm._start),"'",""))) -> Q | G47: =IF($K47="","",RIGHT($K47,LEN($K47)-FIND("$",SUBSTITUTE($K47,"$","§",1)))) -> 2 | H47: {=CreateID($H$35,$E47<>INDEX($E:$E,ROW()-1))} -> 2 | I47: {=INDIRECT($K47)} -> Damage Levels | K47: {=CELL("address",Definitions!$Q$2)} -> '[QuBA-libre.xlsx]Definitions'!$Q$2
A48: {=IF(INDEX($H:$H,ROW()-1)<>$H48,$E48,"")} | B48: {=IF($K48="","",_xlfn.LET( _xlpm._fullName,IF($L48="",SUBSTITUTE(SUBSTITUTE(INDIRECT($K48),CHAR(10)," ")," "," "),$L48), _xlpm._truncatedName,IF(LEN(_xlpm._fullName)>250,LEFT(_xlpm._fullName,250)&"[…]",_xlpm._fullName), HYPERLINK("#'"&$E48&"'!"&$F48&$G48, _xlpm._truncatedName)))} -> Line Width | C48: Defines the maximum number of characters in each line for the questions in the Questionnaire sheet (→ formatting). | E48: =IF($K48="","",_xlfn.LET( _xlpm._in,$K48, _xlpm._start,FIND("]",_xlpm._in)+1, SUBSTITUTE(MID(_xlpm._in,_xlpm._start,FIND("!",_xlpm._in)-_xlpm._start),"'",""))) -> Definitions | F48: =IF($K48="","",_xlfn.LET( _xlpm._in,SUBSTITUTE($K48,"$","§",1), _xlpm._start,FIND("§",_xlpm._in)+1, SUBSTITUTE(MID(_xlpm._in,_xlpm._start,FIND("$",_xlpm._in)-_xlpm._start),"'",""))) -> T | G48: =IF($K48="","",RIGHT($K48,LEN($K48)-FIND("$",SUBSTITUTE($K48,"$","§",1)))) -> 2 | H48: {=CreateID($H$35,$E48<>INDEX($E:$E,ROW()-1))} -> 2 | I48: {=INDIRECT($K48)} -> Line Width | K48: {=CELL("address",Definitions!$T$2)} -> '[QuBA-libre.xlsx]Definitions'!$T$2
A49: {=IF(INDEX($H:$H,ROW()-1)<>$H49,$E49,"")} | B49: {=IF($K49="","",_xlfn.LET( _xlpm._fullName,IF($L49="",SUBSTITUTE(SUBSTITUTE(INDIRECT($K49),CHAR(10)," ")," "," "),$L49), _xlpm._truncatedName,IF(LEN(_xlpm._fullName)>250,LEFT(_xlpm._fullName,250)&"[…]",_xlpm._fullName), HYPERLINK("#'"&$E49&"'!"&$F49&$G49, _xlpm._truncatedName)))} -> Required Attack Potential | C49: Defines the required attack potential levels and their thresholds for risk calculation (sheets Risks, Mitigation, and Risk Treatment). | E49: =IF($K49="","",_xlfn.LET( _xlpm._in,$K49, _xlpm._start,FIND("]",_xlpm._in)+1, SUBSTITUTE(MID(_xlpm._in,_xlpm._start,FIND("!",_xlpm._in)-_xlpm._start),"'",""))) -> Definitions | F49: =IF($K49="","",_xlfn.LET( _xlpm._in,SUBSTITUTE($K49,"$","§",1), _xlpm._start,FIND("§",_xlpm._in)+1, SUBSTITUTE(MID(_xlpm._in,_xlpm._start,FIND("$",_xlpm._in)-_xlpm._start),"'",""))) -> V | G49: =IF($K49="","",RIGHT($K49,LEN($K49)-FIND("$",SUBSTITUTE($K49,"$","§",1)))) -> 2 | H49: {=CreateID($H$35,$E49<>INDEX($E:$E,ROW()-1))} -> 2 | I49: {=INDIRECT($K49)} -> Required Attack Potential | K49: {=CELL("address",Definitions!$V$2)} -> '[QuBA-libre.xlsx]Definitions'!$V$2
A50: {=IF(INDEX($H:$H,ROW()-1)<>$H50,$E50,"")} | B50: {=IF($K50="","",_xlfn.LET( _xlpm._fullName,IF($L50="",SUBSTITUTE(SUBSTITUTE(INDIRECT($K50),CHAR(10)," ")," "," "),$L50), _xlpm._truncatedName,IF(LEN(_xlpm._fullName)>250,LEFT(_xlpm._fullName,250)&"[…]",_xlpm._fullName), HYPERLINK("#'"&$E50&"'!"&$F50&$G50, _xlpm._truncatedName)))} -> Required Attack Potential - Factors | C50: Defines the contribution of each RAP factor for risk calculation (sheets Risks, Mitigation, and Risk Treatment). | E50: =IF($K50="","",_xlfn.LET( _xlpm._in,$K50, _xlpm._start,FIND("]",_xlpm._in)+1, SUBSTITUTE(MID(_xlpm._in,_xlpm._start,FIND("!",_xlpm._in)-_xlpm._start),"'",""))) -> Definitions | F50: =IF($K50="","",_xlfn.LET( _xlpm._in,SUBSTITUTE($K50,"$","§",1), _xlpm._start,FIND("§",_xlpm._in)+1, SUBSTITUTE(MID(_xlpm._in,_xlpm._start,FIND("$",_xlpm._in)-_xlpm._start),"'",""))) -> Y | G50: =IF($K50="","",RIGHT($K50,LEN($K50)-FIND("$",SUBSTITUTE($K50,"$","§",1)))) -> 2 | H50: {=CreateID($H$35,$E50<>INDEX($E:$E,ROW()-1))} -> 2 | I50: {=INDIRECT($K50)} -> Required Attack Potential - Factors | K50: {=CELL("address",Definitions!$Y$2)} -> '[QuBA-libre.xlsx]Definitions'!$Y$2
A51: {=IF(INDEX($H:$H,ROW()-1)<>$H51,$E51,"")} | B51: {=IF($K51="","",_xlfn.LET( _xlpm._fullName,IF($L51="",SUBSTITUTE(SUBSTITUTE(INDIRECT($K51),CHAR(10)," ")," "," "),$L51), _xlpm._truncatedName,IF(LEN(_xlpm._fullName)>250,LEFT(_xlpm._fullName,250)&"[…]",_xlpm._fullName), HYPERLINK("#'"&$E51&"'!"&$F51&$G51, _xlpm._truncatedName)))} -> Risk Values | C51: Defines the risk values for risk calculation (sheets Risks, Mitigation, and Risk Treatment). | E51: =IF($K51="","",_xlfn.LET( _xlpm._in,$K51, _xlpm._start,FIND("]",_xlpm._in)+1, SUBSTITUTE(MID(_xlpm._in,_xlpm._start,FIND("!",_xlpm._in)-_xlpm._start),"'",""))) -> Definitions | F51: =IF($K51="","",_xlfn.LET( _xlpm._in,SUBSTITUTE($K51,"$","§",1), _xlpm._start,FIND("§",_xlpm._in)+1, SUBSTITUTE(MID(_xlpm._in,_xlpm._start,FIND("$",_xlpm._in)-_xlpm._start),"'",""))) -> AE | G51: =IF($K51="","",RIGHT($K51,LEN($K51)-FIND("$",SUBSTITUTE($K51,"$","§",1)))) -> 2 | H51: {=CreateID($H$35,$E51<>INDEX($E:$E,ROW()-1))} -> 2 | I51: {=INDIRECT($K51)} -> Risk Values | K51: {=CELL("address",Definitions!$AE$2)} -> '[QuBA-libre.xlsx]Definitions'!$AE$2
A52: {=IF(INDEX($H:$H,ROW()-1)<>$H52,$E52,"")} | B52: {=IF($K52="","",_xlfn.LET( _xlpm._fullName,IF($L52="",SUBSTITUTE(SUBSTITUTE(INDIRECT($K52),CHAR(10)," ")," "," "),$L52), _xlpm._truncatedName,IF(LEN(_xlpm._fullName)>250,LEFT(_xlpm._fullName,250)&"[…]",_xlpm._fullName), HYPERLINK("#'"&$E52&"'!"&$F52&$G52, _xlpm._truncatedName)))} -> Risk Matrix | C52: Defines the risk matrix for risk calculation (sheets Risks, Mitigation, and Risk Treatment). | E52: =IF($K52="","",_xlfn.LET( _xlpm._in,$K52, _xlpm._start,FIND("]",_xlpm._in)+1, SUBSTITUTE(MID(_xlpm._in,_xlpm._start,FIND("!",_xlpm._in)-_xlpm._start),"'",""))) -> Definitions | F52: =IF($K52="","",_xlfn.LET( _xlpm._in,SUBSTITUTE($K52,"$","§",1), _xlpm._start,FIND("§",_xlpm._in)+1, SUBSTITUTE(MID(_xlpm._in,_xlpm._start,FIND("$",_xlpm._in)-_xlpm._start),"'",""))) -> AH | G52: =IF($K52="","",RIGHT($K52,LEN($K52)-FIND("$",SUBSTITUTE($K52,"$","§",1)))) -> 2 | H52: {=CreateID($H$35,$E52<>INDEX($E:$E,ROW()-1))} -> 2 | I52: {=INDIRECT($K52)} -> Risk Matrix | K52: {=CELL("address",Definitions!$AH$2)} -> '[QuBA-libre.xlsx]Definitions'!$AH$2
A53: {=IF(INDEX($H:$H,ROW()-1)<>$H53,$E53,"")} | B53: {=IF($K53="","",_xlfn.LET( _xlpm._fullName,IF($L53="",SUBSTITUTE(SUBSTITUTE(INDIRECT($K53),CHAR(10)," ")," "," "),$L53), _xlpm._truncatedName,IF(LEN(_xlpm._fullName)>250,LEFT(_xlpm._fullName,250)&"[…]",_xlpm._fullName), HYPERLINK("#'"&$E53&"'!"&$F53&$G53, _xlpm._truncatedName)))} -> Stakeholders | C53: Defines the stakeholders for assumptions, usually implying the party responsible for implementing compensating countermeasures from the product's point of view. Relevant in the Assumptions and in the Assumptions and Countermeasures sheet. | E53: =IF($K53="","",_xlfn.LET( _xlpm._in,$K53, _xlpm._start,FIND("]",_xlpm._in)+1, SUBSTITUTE(MID(_xlpm._in,_xlpm._start,FIND("!",_xlpm._in)-_xlpm._start),"'",""))) -> Definitions | F53: =IF($K53="","",_xlfn.LET( _xlpm._in,SUBSTITUTE($K53,"$","§",1), _xlpm._start,FIND("§",_xlpm._in)+1, SUBSTITUTE(MID(_xlpm._in,_xlpm._start,FIND("$",_xlpm._in)-_xlpm._start),"'",""))) -> AO | G53: =IF($K53="","",RIGHT($K53,LEN($K53)-FIND("$",SUBSTITUTE($K53,"$","§",1)))) -> 2 | H53: {=CreateID($H$35,$E53<>INDEX($E:$E,ROW()-1))} -> 2 | I53: {=INDIRECT($K53)} -> Stakeholders | K53: {=CELL("address",Definitions!$AO$2)} -> '[QuBA-libre.xlsx]Definitions'!$AO$2
A54: {=IF(INDEX($H:$H,ROW()-1)<>$H54,$E54,"")} | B54: {=IF($K54="","",_xlfn.LET( _xlpm._fullName,IF($L54="",SUBSTITUTE(SUBSTITUTE(INDIRECT($K54),CHAR(10)," ")," "," "),$L54), _xlpm._truncatedName,IF(LEN(_xlpm._fullName)>250,LEFT(_xlpm._fullName,250)&"[…]",_xlpm._fullName), HYPERLINK("#'"&$E54&"'!"&$F54&$G54, _xlpm._truncatedName)))} -> Additional assumptions / countermeasures | C54: Defines the syntax for adding additional assumptions or countermeasures in comments or rationales. These additional elements are then listed in the Assumptions and Countermeasures sheet. | E54: =IF($K54="","",_xlfn.LET( _xlpm._in,$K54, _xlpm._start,FIND("]",_xlpm._in)+1, SUBSTITUTE(MID(_xlpm._in,_xlpm._start,FIND("!",_xlpm._in)-_xlpm._start),"'",""))) -> Definitions | F54: =IF($K54="","",_xlfn.LET( _xlpm._in,SUBSTITUTE($K54,"$","§",1), _xlpm._start,FIND("§",_xlpm._in)+1, SUBSTITUTE(MID(_xlpm._in,_xlpm._start,FIND("$",_xlpm._in)-_xlpm._start),"'",""))) -> AQ | G54: =IF($K54="","",RIGHT($K54,LEN($K54)-FIND("$",SUBSTITUTE($K54,"$","§",1)))) -> 2 | H54: {=CreateID($H$35,$E54<>INDEX($E:$E,ROW()-1))} -> 2 | I54: {=INDIRECT($K54)} -> Additional assumptions / countermeasures | K54: {=CELL("address",Definitions!$AQ$2)} -> '[QuBA-libre.xlsx]Definitions'!$AQ$2
A55: {=IF(INDEX($H:$H,ROW()-1)<>$H55,$E55,"")} | B55: {=IF($K55="","",_xlfn.LET( _xlpm._fullName,IF($L55="",SUBSTITUTE(SUBSTITUTE(INDIRECT($K55),CHAR(10)," ")," "," "),$L55), _xlpm._truncatedName,IF(LEN(_xlpm._fullName)>250,LEFT(_xlpm._fullName,250)&"[…]",_xlpm._fullName), HYPERLINK("#'"&$E55&"'!"&$F55&$G55, _xlpm._truncatedName)))} -> Display Blue Box | C55: Some answers to questions in the Questionnaire sheet activate assumptions or countermeasures. In this case, the comment for these questions is displayed in the Assumptions and Countermeasures sheet for the activated assumption or countermeasure. Setting the entry under Display Blue Box to yes marks such comments with a blue margin. | E55: =IF($K55="","",_xlfn.LET( _xlpm._in,$K55, _xlpm._start,FIND("]",_xlpm._in)+1, SUBSTITUTE(MID(_xlpm._in,_xlpm._start,FIND("!",_xlpm._in)-_xlpm._start),"'",""))) -> Definitions | F55: =IF($K55="","",_xlfn.LET( _xlpm._in,SUBSTITUTE($K55,"$","§",1), _xlpm._start,FIND("§",_xlpm._in)+1, SUBSTITUTE(MID(_xlpm._in,_xlpm._start,FIND("$",_xlpm._in)-_xlpm._start),"'",""))) -> AU | G55: =IF($K55="","",RIGHT($K55,LEN($K55)-FIND("$",SUBSTITUTE($K55,"$","§",1)))) -> 2 | H55: {=CreateID($H$35,$E55<>INDEX($E:$E,ROW()-1))} -> 2 | I55: {=INDIRECT($K55)} -> Display Blue Box | K55: {=CELL("address",Definitions!$AU$2)} -> '[QuBA-libre.xlsx]Definitions'!$AU$2
A56: {=IF(INDEX($H:$H,ROW()-1)<>$H56,$E56,"")} | B56: {=IF($K56="","",_xlfn.LET( _xlpm._fullName,IF($L56="",SUBSTITUTE(SUBSTITUTE(INDIRECT($K56),CHAR(10)," ")," "," "),$L56), _xlpm._truncatedName,IF(LEN(_xlpm._fullName)>250,LEFT(_xlpm._fullName,250)&"[…]",_xlpm._fullName), HYPERLINK("#'"&$E56&"'!"&$F56&$G56, _xlpm._truncatedName)))} -> Product Life Time / Support Duration | C56: Defines the options for the product life time and the support duration. | E56: =IF($K56="","",_xlfn.LET( _xlpm._in,$K56, _xlpm._start,FIND("]",_xlpm._in)+1, SUBSTITUTE(MID(_xlpm._in,_xlpm._start,FIND("!",_xlpm._in)-_xlpm._start),"'",""))) -> Definitions | F56: =IF($K56="","",_xlfn.LET( _xlpm._in,SUBSTITUTE($K56,"$","§",1), _xlpm._start,FIND("§",_xlpm._in)+1, SUBSTITUTE(MID(_xlpm._in,_xlpm._start,FIND("$",_xlpm._in)-_xlpm._start),"'",""))) -> AW | G56: =IF($K56="","",RIGHT($K56,LEN($K56)-FIND("$",SUBSTITUTE($K56,"$","§",1)))) -> 2 | H56: {=CreateID($H$35,$E56<>INDEX($E:$E,ROW()-1))} -> 2 | I56: {=INDIRECT($K56)} -> Product Life Time / Support Duration | K56: {=CELL("address",Definitions!$AW$2)} -> '[QuBA-libre.xlsx]Definitions'!$AW$2
A57: {=IF(INDEX($H:$H,ROW()-1)<>$H57,$E57,"")} | B57: {=IF($K57="","",_xlfn.LET( _xlpm._fullName,IF($L57="",SUBSTITUTE(SUBSTITUTE(INDIRECT($K57),CHAR(10)," ")," "," "),$L57), _xlpm._truncatedName,IF(LEN(_xlpm._fullName)>250,LEFT(_xlpm._fullName,250)&"[…]",_xlpm._fullName), HYPERLINK("#'"&$E57&"'!"&$F57&$G57, _xlpm._truncatedName)))} -> Helper Link | C57: Defines the options for the links linking to this sheet. | E57: =IF($K57="","",_xlfn.LET( _xlpm._in,$K57, _xlpm._start,FIND("]",_xlpm._in)+1, SUBSTITUTE(MID(_xlpm._in,_xlpm._start,FIND("!",_xlpm._in)-_xlpm._start),"'",""))) -> Definitions | F57: =IF($K57="","",_xlfn.LET( _xlpm._in,SUBSTITUTE($K57,"$","§",1), _xlpm._start,FIND("§",_xlpm._in)+1, SUBSTITUTE(MID(_xlpm._in,_xlpm._start,FIND("$",_xlpm._in)-_xlpm._start),"'",""))) -> AY | G57: =IF($K57="","",RIGHT($K57,LEN($K57)-FIND("$",SUBSTITUTE($K57,"$","§",1)))) -> 2 | H57: {=CreateID($H$35,$E57<>INDEX($E:$E,ROW()-1))} -> 2 | I57: {=INDIRECT($K57)} -> Helper Link | K57: {=CELL("address",Definitions!$AY$2)} -> '[QuBA-libre.xlsx]Definitions'!$AY$2
A58: {=IF(INDEX($H:$H,ROW()-1)<>$H58,$E58,"")} | B58: {=IF($K58="","",_xlfn.LET( _xlpm._fullName,IF($L58="",SUBSTITUTE(SUBSTITUTE(INDIRECT($K58),CHAR(10)," ")," "," "),$L58), _xlpm._truncatedName,IF(LEN(_xlpm._fullName)>250,LEFT(_xlpm._fullName,250)&"[…]",_xlpm._fullName), HYPERLINK("#'"&$E58&"'!"&$F58&$G58, _xlpm._truncatedName)))} -> JSON Export | C58: Defines the sheets and columns on these sheets to be exported on the JSON sheet. In detail: * Use a formula to calculate the sheet name from which to export data (see existing entries for the formula.) * Use a formula to reference the columns to be exported for each entry (see existing entries for the formula.) * Use a formula to reference the Shadow ID column for each sheet (this column is usually hidden and on most sheets one column right of the Comment column). * Use a formula to calculate the header row for each sheet (see existing entries for the formula). | D58: You can also add text instead of calculating the values with a formula. However, renaming sheets or adding / removing columns easily breaks references, while formula-generated references remain operational unless one of the referenced columns is deleted. Even in this case, the visual #REF! error is helpful to find and fix the issue. | E58: =IF($K58="","",_xlfn.LET( _xlpm._in,$K58, _xlpm._start,FIND("]",_xlpm._in)+1, SUBSTITUTE(MID(_xlpm._in,_xlpm._start,FIND("!",_xlpm._in)-_xlpm._start),"'",""))) -> Definitions | F58: =IF($K58="","",_xlfn.LET( _xlpm._in,SUBSTITUTE($K58,"$","§",1), _xlpm._start,FIND("§",_xlpm._in)+1, SUBSTITUTE(MID(_xlpm._in,_xlpm._start,FIND("$",_xlpm._in)-_xlpm._start),"'",""))) -> BA | G58: =IF($K58="","",RIGHT($K58,LEN($K58)-FIND("$",SUBSTITUTE($K58,"$","§",1)))) -> 2 | H58: {=CreateID($H$35,$E58<>INDEX($E:$E,ROW()-1))} -> 2 | I58: {=INDIRECT($K58)} -> JSON Export | K58: {=CELL("address",Definitions!$BA$2)} -> '[QuBA-libre.xlsx]Definitions'!$BA$2
A59: {=IF(INDEX($H:$H,ROW()-1)<>$H59,$E59,"")} | B59: {=IF($K59="","",_xlfn.LET( _xlpm._fullName,IF($L59="",SUBSTITUTE(SUBSTITUTE(INDIRECT($K59),CHAR(10)," ")," "," "),$L59), _xlpm._truncatedName,IF(LEN(_xlpm._fullName)>250,LEFT(_xlpm._fullName,250)&"[…]",_xlpm._fullName), HYPERLINK("#'"&$E59&"'!"&$F59&$G59, _xlpm._truncatedName)))} -> Supply Chain Answers | C59: The answer options for QA19 (supply chain partners are trustworthy, not trustworthy, or no supply chain partners exist). | E59: =IF($K59="","",_xlfn.LET( _xlpm._in,$K59, _xlpm._start,FIND("]",_xlpm._in)+1, SUBSTITUTE(MID(_xlpm._in,_xlpm._start,FIND("!",_xlpm._in)-_xlpm._start),"'",""))) -> Definitions | F59: =IF($K59="","",_xlfn.LET( _xlpm._in,SUBSTITUTE($K59,"$","§",1), _xlpm._start,FIND("§",_xlpm._in)+1, SUBSTITUTE(MID(_xlpm._in,_xlpm._start,FIND("$",_xlpm._in)-_xlpm._start),"'",""))) -> BF | G59: =IF($K59="","",RIGHT($K59,LEN($K59)-FIND("$",SUBSTITUTE($K59,"$","§",1)))) -> 2 | H59: {=CreateID($H$35,$E59<>INDEX($E:$E,ROW()-1))} -> 2 | I59: {=INDIRECT($K59)} -> Supply Chain Answers | K59: {=CELL("address",Definitions!$BF$2)} -> '[QuBA-libre.xlsx]Definitions'!$BF$2
A60: {=IF(INDEX($H:$H,ROW()-1)<>$H60,$E60,"")} | B60: {=IF($K60="","",_xlfn.LET( _xlpm._fullName,IF($L60="",SUBSTITUTE(SUBSTITUTE(INDIRECT($K60),CHAR(10)," ")," "," "),$L60), _xlpm._truncatedName,IF(LEN(_xlpm._fullName)>250,LEFT(_xlpm._fullName,250)&"[…]",_xlpm._fullName), HYPERLINK("#'"&$E60&"'!"&$F60&$G60, _xlpm._truncatedName)))} -> Secure Production | C60: Currently not in use. | D60: Defines options to answer question QA18 (related to production security). | E60: =IF($K60="","",_xlfn.LET( _xlpm._in,$K60, _xlpm._start,FIND("]",_xlpm._in)+1, SUBSTITUTE(MID(_xlpm._in,_xlpm._start,FIND("!",_xlpm._in)-_xlpm._start),"'",""))) -> Definitions | F60: =IF($K60="","",_xlfn.LET( _xlpm._in,SUBSTITUTE($K60,"$","§",1), _xlpm._start,FIND("§",_xlpm._in)+1, SUBSTITUTE(MID(_xlpm._in,_xlpm._start,FIND("$",_xlpm._in)-_xlpm._start),"'",""))) -> BI | G60: =IF($K60="","",RIGHT($K60,LEN($K60)-FIND("$",SUBSTITUTE($K60,"$","§",1)))) -> 2 | H60: {=CreateID($H$35,$E60<>INDEX($E:$E,ROW()-1))} -> 2 | I60: {=INDIRECT($K60)} -> Secure Production | K60: {=CELL("address",Definitions!$BI$2)} -> '[QuBA-libre.xlsx]Definitions'!$BI$2
A61: {=IF(INDEX($H:$H,ROW()-1)<>$H61,$E61,"")} | B61: {=IF($K61="","",_xlfn.LET( _xlpm._fullName,IF($L61="",SUBSTITUTE(SUBSTITUTE(INDIRECT($K61),CHAR(10)," ")," "," "),$L61), _xlpm._truncatedName,IF(LEN(_xlpm._fullName)>250,LEFT(_xlpm._fullName,250)&"[…]",_xlpm._fullName), HYPERLINK("#'"&$E61&"'!"&$F61&$G61, _xlpm._truncatedName)))} -> Supply Chain Security | C61: Currently not in use. | D61: Defines options to answer question QA19 (related to supply chain security). | E61: =IF($K61="","",_xlfn.LET( _xlpm._in,$K61, _xlpm._start,FIND("]",_xlpm._in)+1, SUBSTITUTE(MID(_xlpm._in,_xlpm._start,FIND("!",_xlpm._in)-_xlpm._start),"'",""))) -> Definitions | F61: =IF($K61="","",_xlfn.LET( _xlpm._in,SUBSTITUTE($K61,"$","§",1), _xlpm._start,FIND("§",_xlpm._in)+1, SUBSTITUTE(MID(_xlpm._in,_xlpm._start,FIND("$",_xlpm._in)-_xlpm._start),"'",""))) -> BK | G61: =IF($K61="","",RIGHT($K61,LEN($K61)-FIND("$",SUBSTITUTE($K61,"$","§",1)))) -> 2 | H61: {=CreateID($H$35,$E61<>INDEX($E:$E,ROW()-1))} -> 2 | I61: {=INDIRECT($K61)} -> Supply Chain Security | K61: {=CELL("address",Definitions!$BK$2)} -> '[QuBA-libre.xlsx]Definitions'!$BK$2
A62: {=IF(INDEX($H:$H,ROW()-1)<>$H62,$E62,"")} -> Questions | B62: {=IF($K62="","",_xlfn.LET( _xlpm._fullName,IF($L62="",SUBSTITUTE(SUBSTITUTE(INDIRECT($K62),CHAR(10)," ")," "," "),$L62), _xlpm._truncatedName,IF(LEN(_xlpm._fullName)>250,LEFT(_xlpm._fullName,250)&"[…]",_xlpm._fullName), HYPERLINK("#'"&$E62&"'!"&$F62&$G62, _xlpm._truncatedName)))} -> ID | C62: A unique ID for the questionnaire element. | D62: This sheet contains questions as well as headings to structure the questionnaire. | E62: =IF($K62="","",_xlfn.LET( _xlpm._in,$K62, _xlpm._start,FIND("]",_xlpm._in)+1, SUBSTITUTE(MID(_xlpm._in,_xlpm._start,FIND("!",_xlpm._in)-_xlpm._start),"'",""))) -> Questions | F62: =IF($K62="","",_xlfn.LET( _xlpm._in,SUBSTITUTE($K62,"$","§",1), _xlpm._start,FIND("§",_xlpm._in)+1, SUBSTITUTE(MID(_xlpm._in,_xlpm._start,FIND("$",_xlpm._in)-_xlpm._start),"'",""))) -> A | G62: =IF($K62="","",RIGHT($K62,LEN($K62)-FIND("$",SUBSTITUTE($K62,"$","§",1)))) -> 3 | H62: {=CreateID($H$35,$E62<>INDEX($E:$E,ROW()-1))} -> 3 | I62: {=INDIRECT($K62)} -> ID | K62: {=CELL("address",Questions!$A$3)} -> '[QuBA-libre.xlsx]Questions'!$A$3
A63: {=IF(INDEX($H:$H,ROW()-1)<>$H63,$E63,"")} | B63: {=IF($K63="","",_xlfn.LET( _xlpm._fullName,IF($L63="",SUBSTITUTE(SUBSTITUTE(INDIRECT($K63),CHAR(10)," ")," "," "),$L63), _xlpm._truncatedName,IF(LEN(_xlpm._fullName)>250,LEFT(_xlpm._fullName,250)&"[…]",_xlpm._fullName), HYPERLINK("#'"&$E63&"'!"&$F63&$G63, _xlpm._truncatedName)))} -> Text | C63: The text of the questionnaire element. | E63: =IF($K63="","",_xlfn.LET( _xlpm._in,$K63, _xlpm._start,FIND("]",_xlpm._in)+1, SUBSTITUTE(MID(_xlpm._in,_xlpm._start,FIND("!",_xlpm._in)-_xlpm._start),"'",""))) -> Questions | F63: =IF($K63="","",_xlfn.LET( _xlpm._in,SUBSTITUTE($K63,"$","§",1), _xlpm._start,FIND("§",_xlpm._in)+1, SUBSTITUTE(MID(_xlpm._in,_xlpm._start,FIND("$",_xlpm._in)-_xlpm._start),"'",""))) -> B | G63: =IF($K63="","",RIGHT($K63,LEN($K63)-FIND("$",SUBSTITUTE($K63,"$","§",1)))) -> 3 | H63: {=CreateID($H$35,$E63<>INDEX($E:$E,ROW()-1))} -> 3 | I63: {=INDIRECT($K63)} -> Text | K63: {=CELL("address",Questions!$B$3)} -> '[QuBA-libre.xlsx]Questions'!$B$3
A64: {=IF(INDEX($H:$H,ROW()-1)<>$H64,$E64,"")} | B64: {=IF($K64="","",_xlfn.LET( _xlpm._fullName,IF($L64="",SUBSTITUTE(SUBSTITUTE(INDIRECT($K64),CHAR(10)," ")," "," "),$L64), _xlpm._truncatedName,IF(LEN(_xlpm._fullName)>250,LEFT(_xlpm._fullName,250)&"[…]",_xlpm._fullName), HYPERLINK("#'"&$E64&"'!"&$F64&$G64, _xlpm._truncatedName)))} -> Indentation | C64: Defines the indentation of the element in the Questionnaire sheet. | D64: Usually indicates the hierarchy of the element within the sheet. | E64: =IF($K64="","",_xlfn.LET( _xlpm._in,$K64, _xlpm._start,FIND("]",_xlpm._in)+1, SUBSTITUTE(MID(_xlpm._in,_xlpm._start,FIND("!",_xlpm._in)-_xlpm._start),"'",""))) -> Questions | F64: =IF($K64="","",_xlfn.LET( _xlpm._in,SUBSTITUTE($K64,"$","§",1), _xlpm._start,FIND("§",_xlpm._in)+1, SUBSTITUTE(MID(_xlpm._in,_xlpm._start,FIND("$",_xlpm._in)-_xlpm._start),"'",""))) -> C | G64: =IF($K64="","",RIGHT($K64,LEN($K64)-FIND("$",SUBSTITUTE($K64,"$","§",1)))) -> 3 | H64: {=CreateID($H$35,$E64<>INDEX($E:$E,ROW()-1))} -> 3 | I64: {=INDIRECT($K64)} -> Indentation | K64: {=CELL("address",Questions!$C$3)} -> '[QuBA-libre.xlsx]Questions'!$C$3
A65: {=IF(INDEX($H:$H,ROW()-1)<>$H65,$E65,"")} | B65: {=IF($K65="","",_xlfn.LET( _xlpm._fullName,IF($L65="",SUBSTITUTE(SUBSTITUTE(INDIRECT($K65),CHAR(10)," ")," "," "),$L65), _xlpm._truncatedName,IF(LEN(_xlpm._fullName)>250,LEFT(_xlpm._fullName,250)&"[…]",_xlpm._fullName), HYPERLINK("#'"&$E65&"'!"&$F65&$G65, _xlpm._truncatedName)))} -> Is a Question | C65: Defines whether an element is a question or another element. Use an "x" to mark an element as question. | D65: IDs of non-question elements will be hidden in the Questionnaire sheet. | E65: =IF($K65="","",_xlfn.LET( _xlpm._in,$K65, _xlpm._start,FIND("]",_xlpm._in)+1, SUBSTITUTE(MID(_xlpm._in,_xlpm._start,FIND("!",_xlpm._in)-_xlpm._start),"'",""))) -> Questions | F65: =IF($K65="","",_xlfn.LET( _xlpm._in,SUBSTITUTE($K65,"$","§",1), _xlpm._start,FIND("§",_xlpm._in)+1, SUBSTITUTE(MID(_xlpm._in,_xlpm._start,FIND("$",_xlpm._in)-_xlpm._start),"'",""))) -> D | G65: =IF($K65="","",RIGHT($K65,LEN($K65)-FIND("$",SUBSTITUTE($K65,"$","§",1)))) -> 3 | H65: {=CreateID($H$35,$E65<>INDEX($E:$E,ROW()-1))} -> 3 | I65: {=INDIRECT($K65)} -> Is a Question | K65: {=CELL("address",Questions!$D$3)} -> '[QuBA-libre.xlsx]Questions'!$D$3
A66: {=IF(INDEX($H:$H,ROW()-1)<>$H66,$E66,"")} | B66: {=IF($K66="","",_xlfn.LET( _xlpm._fullName,IF($L66="",SUBSTITUTE(SUBSTITUTE(INDIRECT($K66),CHAR(10)," ")," "," "),$L66), _xlpm._truncatedName,IF(LEN(_xlpm._fullName)>250,LEFT(_xlpm._fullName,250)&"[…]",_xlpm._fullName), HYPERLINK("#'"&$E66&"'!"&$F66&$G66, _xlpm._truncatedName)))} -> Options Range Header | C66: Provide the address of the topmost cell in the range of possible answers to the question. This range defines the values in the drop-down menu for Answer 1 on the Questionnaire sheet. | D66: ="Use this formula (replace A1 with the correct value): "&_xlfn.FORMULATEXT(M66) -> Use this formula (replace A1 with the correct value): =CELL("address";A1) | E66: =IF($K66="","",_xlfn.LET( _xlpm._in,$K66, _xlpm._start,FIND("]",_xlpm._in)+1, SUBSTITUTE(MID(_xlpm._in,_xlpm._start,FIND("!",_xlpm._in)-_xlpm._start),"'",""))) -> Questions | F66: =IF($K66="","",_xlfn.LET( _xlpm._in,SUBSTITUTE($K66,"$","§",1), _xlpm._start,FIND("§",_xlpm._in)+1, SUBSTITUTE(MID(_xlpm._in,_xlpm._start,FIND("$",_xlpm._in)-_xlpm._start),"'",""))) -> E | G66: =IF($K66="","",RIGHT($K66,LEN($K66)-FIND("$",SUBSTITUTE($K66,"$","§",1)))) -> 3 | H66: {=CreateID($H$35,$E66<>INDEX($E:$E,ROW()-1))} -> 3 | I66: {=INDIRECT($K66)} -> Options Range Header | K66: {=CELL("address",Questions!$E$3)} -> '[QuBA-libre.xlsx]Questions'!$E$3 | M66: {=CELL("address",A1)} -> $A$1
A67: {=IF(INDEX($H:$H,ROW()-1)<>$H67,$E67,"")} | B67: {=IF($K67="","",_xlfn.LET( _xlpm._fullName,IF($L67="",SUBSTITUTE(SUBSTITUTE(INDIRECT($K67),CHAR(10)," ")," "," "),$L67), _xlpm._truncatedName,IF(LEN(_xlpm._fullName)>250,LEFT(_xlpm._fullName,250)&"[…]",_xlpm._fullName), HYPERLINK("#'"&$E67&"'!"&$F67&$G67, _xlpm._truncatedName)))} -> Height | C67: Provide the height of the answer options. | D67: ="Use this formula (replace A1 with the correct values): "&_xlfn.FORMULATEXT(M67) -> Use this formula (replace A1 with the correct values): =ROWS(A1:A1) | E67: =IF($K67="","",_xlfn.LET( _xlpm._in,$K67, _xlpm._start,FIND("]",_xlpm._in)+1, SUBSTITUTE(MID(_xlpm._in,_xlpm._start,FIND("!",_xlpm._in)-_xlpm._start),"'",""))) -> Questions | F67: =IF($K67="","",_xlfn.LET( _xlpm._in,SUBSTITUTE($K67,"$","§",1), _xlpm._start,FIND("§",_xlpm._in)+1, SUBSTITUTE(MID(_xlpm._in,_xlpm._start,FIND("$",_xlpm._in)-_xlpm._start),"'",""))) -> F | G67: =IF($K67="","",RIGHT($K67,LEN($K67)-FIND("$",SUBSTITUTE($K67,"$","§",1)))) -> 3 | H67: {=CreateID($H$35,$E67<>INDEX($E:$E,ROW()-1))} -> 3 | I67: {=INDIRECT($K67)} -> Height | K67: {=CELL("address",Questions!$F$3)} -> '[QuBA-libre.xlsx]Questions'!$F$3 | M67: =ROWS(A1:A1) -> 1
A68: {=IF(INDEX($H:$H,ROW()-1)<>$H68,$E68,"")} | B68: {=IF($K68="","",_xlfn.LET( _xlpm._fullName,IF($L68="",SUBSTITUTE(SUBSTITUTE(INDIRECT($K68),CHAR(10)," ")," "," "),$L68), _xlpm._truncatedName,IF(LEN(_xlpm._fullName)>250,LEFT(_xlpm._fullName,250)&"[…]",_xlpm._fullName), HYPERLINK("#'"&$E68&"'!"&$F68&$G68, _xlpm._truncatedName)))} -> Resulting Options | C68: Calculated: Displays the values in the provided range (see the previous two columns). | E68: =IF($K68="","",_xlfn.LET( _xlpm._in,$K68, _xlpm._start,FIND("]",_xlpm._in)+1, SUBSTITUTE(MID(_xlpm._in,_xlpm._start,FIND("!",_xlpm._in)-_xlpm._start),"'",""))) -> Questions | F68: =IF($K68="","",_xlfn.LET( _xlpm._in,SUBSTITUTE($K68,"$","§",1), _xlpm._start,FIND("§",_xlpm._in)+1, SUBSTITUTE(MID(_xlpm._in,_xlpm._start,FIND("$",_xlpm._in)-_xlpm._start),"'",""))) -> G | G68: =IF($K68="","",RIGHT($K68,LEN($K68)-FIND("$",SUBSTITUTE($K68,"$","§",1)))) -> 3 | H68: {=CreateID($H$35,$E68<>INDEX($E:$E,ROW()-1))} -> 3 | I68: {=INDIRECT($K68)} -> Resulting Options | K68: {=CELL("address",Questions!$G$3)} -> '[QuBA-libre.xlsx]Questions'!$G$3
A69: {=IF(INDEX($H:$H,ROW()-1)<>$H69,$E69,"")} | B69: {=IF($K69="","",_xlfn.LET( _xlpm._fullName,IF($L69="",SUBSTITUTE(SUBSTITUTE(INDIRECT($K69),CHAR(10)," ")," "," "),$L69), _xlpm._truncatedName,IF(LEN(_xlpm._fullName)>250,LEFT(_xlpm._fullName,250)&"[…]",_xlpm._fullName), HYPERLINK("#'"&$E69&"'!"&$F69&$G69, _xlpm._truncatedName)))} -> Info Text | C69: Provide the text to be displayed, depending on the provided answer. Make sure that all values are covered, potentially by an empty string. | D69: Syntax: <Answer value 1>: <Text value 1>Line_break … <Answer value n>: <Text value n> | E69: =IF($K69="","",_xlfn.LET( _xlpm._in,$K69, _xlpm._start,FIND("]",_xlpm._in)+1, SUBSTITUTE(MID(_xlpm._in,_xlpm._start,FIND("!",_xlpm._in)-_xlpm._start),"'",""))) -> Questions | F69: =IF($K69="","",_xlfn.LET( _xlpm._in,SUBSTITUTE($K69,"$","§",1), _xlpm._start,FIND("§",_xlpm._in)+1, SUBSTITUTE(MID(_xlpm._in,_xlpm._start,FIND("$",_xlpm._in)-_xlpm._start),"'",""))) -> H | G69: =IF($K69="","",RIGHT($K69,LEN($K69)-FIND("$",SUBSTITUTE($K69,"$","§",1)))) -> 3 | H69: {=CreateID($H$35,$E69<>INDEX($E:$E,ROW()-1))} -> 3 | I69: {=INDIRECT($K69)} -> Info Text | K69: {=CELL("address",Questions!$H$3)} -> '[QuBA-libre.xlsx]Questions'!$H$3
A70: {=IF(INDEX($H:$H,ROW()-1)<>$H70,$E70,"")} | B70: {=IF($K70="","",_xlfn.LET( _xlpm._fullName,IF($L70="",SUBSTITUTE(SUBSTITUTE(INDIRECT($K70),CHAR(10)," ")," "," "),$L70), _xlpm._truncatedName,IF(LEN(_xlpm._fullName)>250,LEFT(_xlpm._fullName,250)&"[…]",_xlpm._fullName), HYPERLINK("#'"&$E70&"'!"&$F70&$G70, _xlpm._truncatedName)))} -> Options Range Header | C70: For each possible answer to the first question, decide whether a second question or additional information in the comment is required. If this is the case, add a line with the answer to the first question, followed by ":". Then, in the next line, provide the address of the topmost cell in the range of possible answers to the question. This range defines the values in the drop-down menu for Answer 2 on the Questionnaire sheet. If you only want a text requesting additional information, then provide no topmost cell after the ":". | D70: ="Use this formula (replace A1 with the correct value) to reference the topmost cell: "&_xlfn.FORMULATEXT(M70)&" Example: Yes: <Reference> No:" -> Use this formula (replace A1 with the correct value) to reference the topmost cell: =CELL("address";A1) Example: Yes: <Reference> No: | E70: =IF($K70="","",_xlfn.LET( _xlpm._in,$K70, _xlpm._start,FIND("]",_xlpm._in)+1, SUBSTITUTE(MID(_xlpm._in,_xlpm._start,FIND("!",_xlpm._in)-_xlpm._start),"'",""))) -> Questions | F70: =IF($K70="","",_xlfn.LET( _xlpm._in,SUBSTITUTE($K70,"$","§",1), _xlpm._start,FIND("§",_xlpm._in)+1, SUBSTITUTE(MID(_xlpm._in,_xlpm._start,FIND("$",_xlpm._in)-_xlpm._start),"'",""))) -> I | G70: =IF($K70="","",RIGHT($K70,LEN($K70)-FIND("$",SUBSTITUTE($K70,"$","§",1)))) -> 3 | H70: {=CreateID($H$35,$E70<>INDEX($E:$E,ROW()-1))} -> 3 | I70: {=INDIRECT($K70)} -> Options Range Header | K70: {=CELL("address",Questions!$I$3)} -> '[QuBA-libre.xlsx]Questions'!$I$3 | M70: {=CELL("address",A1)} -> $A$1
A71: {=IF(INDEX($H:$H,ROW()-1)<>$H71,$E71,"")} | B71: {=IF($K71="","",_xlfn.LET( _xlpm._fullName,IF($L71="",SUBSTITUTE(SUBSTITUTE(INDIRECT($K71),CHAR(10)," ")," "," "),$L71), _xlpm._truncatedName,IF(LEN(_xlpm._fullName)>250,LEFT(_xlpm._fullName,250)&"[…]",_xlpm._fullName), HYPERLINK("#'"&$E71&"'!"&$F71&$G71, _xlpm._truncatedName)))} -> Height | C71: Provide the height of the answer options for each first answer. If you only want a text requesting additional information, then height = 0. | D71: ="Use this formula (replace A1 with the correct values) to calculate the height: "&_xlfn.FORMULATEXT(M71)&" Example: Yes: 2 No: 0" -> Use this formula (replace A1 with the correct values) to calculate the height: =ROWS(A1:A1) Example: Yes: 2 No: 0 | E71: =IF($K71="","",_xlfn.LET( _xlpm._in,$K71, _xlpm._start,FIND("]",_xlpm._in)+1, SUBSTITUTE(MID(_xlpm._in,_xlpm._start,FIND("!",_xlpm._in)-_xlpm._start),"'",""))) -> Questions | F71: =IF($K71="","",_xlfn.LET( _xlpm._in,SUBSTITUTE($K71,"$","§",1), _xlpm._start,FIND("§",_xlpm._in)+1, SUBSTITUTE(MID(_xlpm._in,_xlpm._start,FIND("$",_xlpm._in)-_xlpm._start),"'",""))) -> J | G71: =IF($K71="","",RIGHT($K71,LEN($K71)-FIND("$",SUBSTITUTE($K71,"$","§",1)))) -> 3 | H71: {=CreateID($H$35,$E71<>INDEX($E:$E,ROW()-1))} -> 3 | I71: {=INDIRECT($K71)} -> Height | K71: {=CELL("address",Questions!$J$3)} -> '[QuBA-libre.xlsx]Questions'!$J$3 | M71: =ROWS(A1:A1) -> 1
A72: {=IF(INDEX($H:$H,ROW()-1)<>$H72,$E72,"")} | B72: {=IF($K72="","",_xlfn.LET( _xlpm._fullName,IF($L72="",SUBSTITUTE(SUBSTITUTE(INDIRECT($K72),CHAR(10)," ")," "," "),$L72), _xlpm._truncatedName,IF(LEN(_xlpm._fullName)>250,LEFT(_xlpm._fullName,250)&"[…]",_xlpm._fullName), HYPERLINK("#'"&$E72&"'!"&$F72&$G72, _xlpm._truncatedName)))} -> Resulting Options | C72: Calculated: Displays the values in the provided range (see the previous two columns). | E72: =IF($K72="","",_xlfn.LET( _xlpm._in,$K72, _xlpm._start,FIND("]",_xlpm._in)+1, SUBSTITUTE(MID(_xlpm._in,_xlpm._start,FIND("!",_xlpm._in)-_xlpm._start),"'",""))) -> Questions | F72: =IF($K72="","",_xlfn.LET( _xlpm._in,SUBSTITUTE($K72,"$","§",1), _xlpm._start,FIND("§",_xlpm._in)+1, SUBSTITUTE(MID(_xlpm._in,_xlpm._start,FIND("$",_xlpm._in)-_xlpm._start),"'",""))) -> K | G72: =IF($K72="","",RIGHT($K72,LEN($K72)-FIND("$",SUBSTITUTE($K72,"$","§",1)))) -> 3 | H72: {=CreateID($H$35,$E72<>INDEX($E:$E,ROW()-1))} -> 3 | I72: {=INDIRECT($K72)} -> Resulting Options | K72: {=CELL("address",Questions!$K$3)} -> '[QuBA-libre.xlsx]Questions'!$K$3
A73: {=IF(INDEX($H:$H,ROW()-1)<>$H73,$E73,"")} | B73: {=IF($K73="","",_xlfn.LET( _xlpm._fullName,IF($L73="",SUBSTITUTE(SUBSTITUTE(INDIRECT($K73),CHAR(10)," ")," "," "),$L73), _xlpm._truncatedName,IF(LEN(_xlpm._fullName)>250,LEFT(_xlpm._fullName,250)&"[…]",_xlpm._fullName), HYPERLINK("#'"&$E73&"'!"&$F73&$G73, _xlpm._truncatedName)))} -> Info Text | C73: Provide the text to be displayed, depending on the provided first and second answer. Make sure that all values are covered, potentially by an empty string. You can use "*:" to catch all cases. | D73: Syntax: ___<First answer value 1>___ <Second answer value 1>: <Text value 1><Line_break> … <Second answer value n>: <Text value n><Line_break> … ___<First answer value m>___ <Second answer value 1>: <Text value 1><Line_break> … <Second answer value k>: <Text value k> Alternatively to the <Second answer to value 1> to <Second answer to value n> blocks, you can use: *: <Text value for all cases><Line_break> | E73: =IF($K73="","",_xlfn.LET( _xlpm._in,$K73, _xlpm._start,FIND("]",_xlpm._in)+1, SUBSTITUTE(MID(_xlpm._in,_xlpm._start,FIND("!",_xlpm._in)-_xlpm._start),"'",""))) -> Questions | F73: =IF($K73="","",_xlfn.LET( _xlpm._in,SUBSTITUTE($K73,"$","§",1), _xlpm._start,FIND("§",_xlpm._in)+1, SUBSTITUTE(MID(_xlpm._in,_xlpm._start,FIND("$",_xlpm._in)-_xlpm._start),"'",""))) -> L | G73: =IF($K73="","",RIGHT($K73,LEN($K73)-FIND("$",SUBSTITUTE($K73,"$","§",1)))) -> 3 | H73: {=CreateID($H$35,$E73<>INDEX($E:$E,ROW()-1))} -> 3 | I73: {=INDIRECT($K73)} -> Info Text | K73: {=CELL("address",Questions!$L$3)} -> '[QuBA-libre.xlsx]Questions'!$L$3
A74: {=IF(INDEX($H:$H,ROW()-1)<>$H74,$E74,"")} | B74: {=IF($K74="","",_xlfn.LET( _xlpm._fullName,IF($L74="",SUBSTITUTE(SUBSTITUTE(INDIRECT($K74),CHAR(10)," ")," "," "),$L74), _xlpm._truncatedName,IF(LEN(_xlpm._fullName)>250,LEFT(_xlpm._fullName,250)&"[…]",_xlpm._fullName), HYPERLINK("#'"&$E74&"'!"&$F74&$G74, _xlpm._truncatedName)))} -> Inactive On | C74: List answers that cause this element to become inactive. | D74: Syntax: <Question ID>[<Answer>], … Example: QA1[No], QA7[No] | E74: =IF($K74="","",_xlfn.LET( _xlpm._in,$K74, _xlpm._start,FIND("]",_xlpm._in)+1, SUBSTITUTE(MID(_xlpm._in,_xlpm._start,FIND("!",_xlpm._in)-_xlpm._start),"'",""))) -> Questions | F74: =IF($K74="","",_xlfn.LET( _xlpm._in,SUBSTITUTE($K74,"$","§",1), _xlpm._start,FIND("§",_xlpm._in)+1, SUBSTITUTE(MID(_xlpm._in,_xlpm._start,FIND("$",_xlpm._in)-_xlpm._start),"'",""))) -> M | G74: =IF($K74="","",RIGHT($K74,LEN($K74)-FIND("$",SUBSTITUTE($K74,"$","§",1)))) -> 3 | H74: {=CreateID($H$35,$E74<>INDEX($E:$E,ROW()-1))} -> 3 | I74: {=INDIRECT($K74)} -> Inactive On | K74: {=CELL("address",Questions!$M$3)} -> '[QuBA-libre.xlsx]Questions'!$M$3
A75: {=IF(INDEX($H:$H,ROW()-1)<>$H75,$E75,"")} | B75: {=IF($K75="","",_xlfn.LET( _xlpm._fullName,IF($L75="",SUBSTITUTE(SUBSTITUTE(INDIRECT($K75),CHAR(10)," ")," "," "),$L75), _xlpm._truncatedName,IF(LEN(_xlpm._fullName)>250,LEFT(_xlpm._fullName,250)&"[…]",_xlpm._fullName), HYPERLINK("#'"&$E75&"'!"&$F75&$G75, _xlpm._truncatedName)))} -> Comment | C75: Provide comments. | E75: =IF($K75="","",_xlfn.LET( _xlpm._in,$K75, _xlpm._start,FIND("]",_xlpm._in)+1, SUBSTITUTE(MID(_xlpm._in,_xlpm._start,FIND("!",_xlpm._in)-_xlpm._start),"'",""))) -> Questions | F75: =IF($K75="","",_xlfn.LET( _xlpm._in,SUBSTITUTE($K75,"$","§",1), _xlpm._start,FIND("§",_xlpm._in)+1, SUBSTITUTE(MID(_xlpm._in,_xlpm._start,FIND("$",_xlpm._in)-_xlpm._start),"'",""))) -> N | G75: =IF($K75="","",RIGHT($K75,LEN($K75)-FIND("$",SUBSTITUTE($K75,"$","§",1)))) -> 3 | H75: {=CreateID($H$35,$E75<>INDEX($E:$E,ROW()-1))} -> 3 | I75: {=INDIRECT($K75)} -> Comment | K75: {=CELL("address",Questions!$N$3)} -> '[QuBA-libre.xlsx]Questions'!$N$3
A76: {=IF(INDEX($H:$H,ROW()-1)<>$H76,$E76,"")} -> Damage Scenarios | B76: {=IF($K76="","",_xlfn.LET( _xlpm._fullName,IF($L76="",SUBSTITUTE(SUBSTITUTE(INDIRECT($K76),CHAR(10)," ")," "," "),$L76), _xlpm._truncatedName,IF(LEN(_xlpm._fullName)>250,LEFT(_xlpm._fullName,250)&"[…]",_xlpm._fullName), HYPERLINK("#'"&$E76&"'!"&$F76&$G76, _xlpm._truncatedName)))} -> ID | C76: A unique ID for the damage scenario. | E76: =IF($K76="","",_xlfn.LET( _xlpm._in,$K76, _xlpm._start,FIND("]",_xlpm._in)+1, SUBSTITUTE(MID(_xlpm._in,_xlpm._start,FIND("!",_xlpm._in)-_xlpm._start),"'",""))) -> Damage Scenarios | F76: =IF($K76="","",_xlfn.LET( _xlpm._in,SUBSTITUTE($K76,"$","§",1), _xlpm._start,FIND("§",_xlpm._in)+1, SUBSTITUTE(MID(_xlpm._in,_xlpm._start,FIND("$",_xlpm._in)-_xlpm._start),"'",""))) -> A | G76: =IF($K76="","",RIGHT($K76,LEN($K76)-FIND("$",SUBSTITUTE($K76,"$","§",1)))) -> 2 | H76: {=CreateID($H$35,$E76<>INDEX($E:$E,ROW()-1))} -> 4 | I76: {=INDIRECT($K76)} -> ID | K76: {=CELL("address",OFFSET('Damage Scenarios'!$A$2,0,ROW()-ROW($K$76)))} -> '[QuBA-libre.xlsx]Damage Scenarios'!$A$2
A77: {=IF(INDEX($H:$H,ROW()-1)<>$H77,$E77,"")} | B77: {=IF($K77="","",_xlfn.LET( _xlpm._fullName,IF($L77="",SUBSTITUTE(SUBSTITUTE(INDIRECT($K77),CHAR(10)," ")," "," "),$L77), _xlpm._truncatedName,IF(LEN(_xlpm._fullName)>250,LEFT(_xlpm._fullName,250)&"[…]",_xlpm._fullName), HYPERLINK("#'"&$E77&"'!"&$F77&$G77, _xlpm._truncatedName)))} -> Q ID | C77: ID of the question making this damage scenario active if answered accordingly. | E77: =IF($K77="","",_xlfn.LET( _xlpm._in,$K77, _xlpm._start,FIND("]",_xlpm._in)+1, SUBSTITUTE(MID(_xlpm._in,_xlpm._start,FIND("!",_xlpm._in)-_xlpm._start),"'",""))) -> Damage Scenarios | F77: =IF($K77="","",_xlfn.LET( _xlpm._in,SUBSTITUTE($K77,"$","§",1), _xlpm._start,FIND("§",_xlpm._in)+1, SUBSTITUTE(MID(_xlpm._in,_xlpm._start,FIND("$",_xlpm._in)-_xlpm._start),"'",""))) -> B | G77: =IF($K77="","",RIGHT($K77,LEN($K77)-FIND("$",SUBSTITUTE($K77,"$","§",1)))) -> 2 | H77: {=CreateID($H$35,$E77<>INDEX($E:$E,ROW()-1))} -> 4 | I77: {=INDIRECT($K77)} -> Q ID | K77: {=CELL("address",OFFSET('Damage Scenarios'!$A$2,0,ROW()-ROW($K$76)))} -> '[QuBA-libre.xlsx]Damage Scenarios'!$B$2
A78: {=IF(INDEX($H:$H,ROW()-1)<>$H78,$E78,"")} | B78: {=IF($K78="","",_xlfn.LET( _xlpm._fullName,IF($L78="",SUBSTITUTE(SUBSTITUTE(INDIRECT($K78),CHAR(10)," ")," "," "),$L78), _xlpm._truncatedName,IF(LEN(_xlpm._fullName)>250,LEFT(_xlpm._fullName,250)&"[…]",_xlpm._fullName), HYPERLINK("#'"&$E78&"'!"&$F78&$G78, _xlpm._truncatedName)))} -> Question | C78: Calculated: The full text of the question matching the ID provided in the previous column. | E78: =IF($K78="","",_xlfn.LET( _xlpm._in,$K78, _xlpm._start,FIND("]",_xlpm._in)+1, SUBSTITUTE(MID(_xlpm._in,_xlpm._start,FIND("!",_xlpm._in)-_xlpm._start),"'",""))) -> Damage Scenarios | F78: =IF($K78="","",_xlfn.LET( _xlpm._in,SUBSTITUTE($K78,"$","§",1), _xlpm._start,FIND("§",_xlpm._in)+1, SUBSTITUTE(MID(_xlpm._in,_xlpm._start,FIND("$",_xlpm._in)-_xlpm._start),"'",""))) -> C | G78: =IF($K78="","",RIGHT($K78,LEN($K78)-FIND("$",SUBSTITUTE($K78,"$","§",1)))) -> 2 | H78: {=CreateID($H$35,$E78<>INDEX($E:$E,ROW()-1))} -> 4 | I78: {=INDIRECT($K78)} -> Question | K78: {=CELL("address",OFFSET('Damage Scenarios'!$A$2,0,ROW()-ROW($K$76)))} -> '[QuBA-libre.xlsx]Damage Scenarios'!$C$2
A79: {=IF(INDEX($H:$H,ROW()-1)<>$H79,$E79,"")} | B79: {=IF($K79="","",_xlfn.LET( _xlpm._fullName,IF($L79="",SUBSTITUTE(SUBSTITUTE(INDIRECT($K79),CHAR(10)," ")," "," "),$L79), _xlpm._truncatedName,IF(LEN(_xlpm._fullName)>250,LEFT(_xlpm._fullName,250)&"[…]",_xlpm._fullName), HYPERLINK("#'"&$E79&"'!"&$F79&$G79, _xlpm._truncatedName)))} -> Is Active? | C79: Provide criteria (in a formula) defining when the damage scenario becomes active. | E79: =IF($K79="","",_xlfn.LET( _xlpm._in,$K79, _xlpm._start,FIND("]",_xlpm._in)+1, SUBSTITUTE(MID(_xlpm._in,_xlpm._start,FIND("!",_xlpm._in)-_xlpm._start),"'",""))) -> Damage Scenarios | F79: =IF($K79="","",_xlfn.LET( _xlpm._in,SUBSTITUTE($K79,"$","§",1), _xlpm._start,FIND("§",_xlpm._in)+1, SUBSTITUTE(MID(_xlpm._in,_xlpm._start,FIND("$",_xlpm._in)-_xlpm._start),"'",""))) -> D | G79: =IF($K79="","",RIGHT($K79,LEN($K79)-FIND("$",SUBSTITUTE($K79,"$","§",1)))) -> 2 | H79: {=CreateID($H$35,$E79<>INDEX($E:$E,ROW()-1))} -> 4 | I79: {=INDIRECT($K79)} -> Is Active? | K79: {=CELL("address",OFFSET('Damage Scenarios'!$A$2,0,ROW()-ROW($K$76)))} -> '[QuBA-libre.xlsx]Damage Scenarios'!$D$2
A80: {=IF(INDEX($H:$H,ROW()-1)<>$H80,$E80,"")} | B80: {=IF($K80="","",_xlfn.LET( _xlpm._fullName,IF($L80="",SUBSTITUTE(SUBSTITUTE(INDIRECT($K80),CHAR(10)," ")," "," "),$L80), _xlpm._truncatedName,IF(LEN(_xlpm._fullName)>250,LEFT(_xlpm._fullName,250)&"[…]",_xlpm._fullName), HYPERLINK("#'"&$E80&"'!"&$F80&$G80, _xlpm._truncatedName)))} -> Damage Scenario Static Text Prefix | C80: The text of the damage scenario can be calculated from the answers in the Questionnaire sheet. This static prefix is always used if the damage scenario is active. | E80: =IF($K80="","",_xlfn.LET( _xlpm._in,$K80, _xlpm._start,FIND("]",_xlpm._in)+1, SUBSTITUTE(MID(_xlpm._in,_xlpm._start,FIND("!",_xlpm._in)-_xlpm._start),"'",""))) -> Damage Scenarios | F80: =IF($K80="","",_xlfn.LET( _xlpm._in,SUBSTITUTE($K80,"$","§",1), _xlpm._start,FIND("§",_xlpm._in)+1, SUBSTITUTE(MID(_xlpm._in,_xlpm._start,FIND("$",_xlpm._in)-_xlpm._start),"'",""))) -> E | G80: =IF($K80="","",RIGHT($K80,LEN($K80)-FIND("$",SUBSTITUTE($K80,"$","§",1)))) -> 2 | H80: {=CreateID($H$35,$E80<>INDEX($E:$E,ROW()-1))} -> 4 | I80: {=INDIRECT($K80)} -> Damage Scenario Static Text Prefix | K80: {=CELL("address",OFFSET('Damage Scenarios'!$A$2,0,ROW()-ROW($K$76)))} -> '[QuBA-libre.xlsx]Damage Scenarios'!$E$2
A81: {=IF(INDEX($H:$H,ROW()-1)<>$H81,$E81,"")} | B81: {=IF($K81="","",_xlfn.LET( _xlpm._fullName,IF($L81="",SUBSTITUTE(SUBSTITUTE(INDIRECT($K81),CHAR(10)," ")," "," "),$L81), _xlpm._truncatedName,IF(LEN(_xlpm._fullName)>250,LEFT(_xlpm._fullName,250)&"[…]",_xlpm._fullName), HYPERLINK("#'"&$E81&"'!"&$F81&$G81, _xlpm._truncatedName)))} -> Questionnaire Provides Damage Criterion? | C81: Place an x here if the second answer in the Questionnaire sheet contains the damage criterion for the damage scenario. | E81: =IF($K81="","",_xlfn.LET( _xlpm._in,$K81, _xlpm._start,FIND("]",_xlpm._in)+1, SUBSTITUTE(MID(_xlpm._in,_xlpm._start,FIND("!",_xlpm._in)-_xlpm._start),"'",""))) -> Damage Scenarios | F81: =IF($K81="","",_xlfn.LET( _xlpm._in,SUBSTITUTE($K81,"$","§",1), _xlpm._start,FIND("§",_xlpm._in)+1, SUBSTITUTE(MID(_xlpm._in,_xlpm._start,FIND("$",_xlpm._in)-_xlpm._start),"'",""))) -> F | G81: =IF($K81="","",RIGHT($K81,LEN($K81)-FIND("$",SUBSTITUTE($K81,"$","§",1)))) -> 2 | H81: {=CreateID($H$35,$E81<>INDEX($E:$E,ROW()-1))} -> 4 | I81: {=INDIRECT($K81)} -> Questionnaire Provides Damage Criterion? | K81: {=CELL("address",OFFSET('Damage Scenarios'!$A$2,0,ROW()-ROW($K$76)))} -> '[QuBA-libre.xlsx]Damage Scenarios'!$F$2
A82: {=IF(INDEX($H:$H,ROW()-1)<>$H82,$E82,"")} | B82: {=IF($K82="","",_xlfn.LET( _xlpm._fullName,IF($L82="",SUBSTITUTE(SUBSTITUTE(INDIRECT($K82),CHAR(10)," ")," "," "),$L82), _xlpm._truncatedName,IF(LEN(_xlpm._fullName)>250,LEFT(_xlpm._fullName,250)&"[…]",_xlpm._fullName), HYPERLINK("#'"&$E82&"'!"&$F82&$G82, _xlpm._truncatedName)))} -> Damage Scenario Static Text Suffix | C82: A static suffix -- cf. the Static Text Prefix explanation. | E82: =IF($K82="","",_xlfn.LET( _xlpm._in,$K82, _xlpm._start,FIND("]",_xlpm._in)+1, SUBSTITUTE(MID(_xlpm._in,_xlpm._start,FIND("!",_xlpm._in)-_xlpm._start),"'",""))) -> Damage Scenarios | F82: =IF($K82="","",_xlfn.LET( _xlpm._in,SUBSTITUTE($K82,"$","§",1), _xlpm._start,FIND("§",_xlpm._in)+1, SUBSTITUTE(MID(_xlpm._in,_xlpm._start,FIND("$",_xlpm._in)-_xlpm._start),"'",""))) -> G | G82: =IF($K82="","",RIGHT($K82,LEN($K82)-FIND("$",SUBSTITUTE($K82,"$","§",1)))) -> 2 | H82: {=CreateID($H$35,$E82<>INDEX($E:$E,ROW()-1))} -> 4 | I82: {=INDIRECT($K82)} -> Damage Scenario Static Text Suffix | K82: {=CELL("address",OFFSET('Damage Scenarios'!$A$2,0,ROW()-ROW($K$76)))} -> '[QuBA-libre.xlsx]Damage Scenarios'!$G$2
A83: {=IF(INDEX($H:$H,ROW()-1)<>$H83,$E83,"")} | B83: {=IF($K83="","",_xlfn.LET( _xlpm._fullName,IF($L83="",SUBSTITUTE(SUBSTITUTE(INDIRECT($K83),CHAR(10)," ")," "," "),$L83), _xlpm._truncatedName,IF(LEN(_xlpm._fullName)>250,LEFT(_xlpm._fullName,250)&"[…]",_xlpm._fullName), HYPERLINK("#'"&$E83&"'!"&$F83&$G83, _xlpm._truncatedName)))} -> Answer 1 | C83: Calculated: The first answer provided in the Questionnaire sheet to the referenced question (see the ID column). | E83: =IF($K83="","",_xlfn.LET( _xlpm._in,$K83, _xlpm._start,FIND("]",_xlpm._in)+1, SUBSTITUTE(MID(_xlpm._in,_xlpm._start,FIND("!",_xlpm._in)-_xlpm._start),"'",""))) -> Damage Scenarios | F83: =IF($K83="","",_xlfn.LET( _xlpm._in,SUBSTITUTE($K83,"$","§",1), _xlpm._start,FIND("§",_xlpm._in)+1, SUBSTITUTE(MID(_xlpm._in,_xlpm._start,FIND("$",_xlpm._in)-_xlpm._start),"'",""))) -> H | G83: =IF($K83="","",RIGHT($K83,LEN($K83)-FIND("$",SUBSTITUTE($K83,"$","§",1)))) -> 2 | H83: {=CreateID($H$35,$E83<>INDEX($E:$E,ROW()-1))} -> 4 | I83: {=INDIRECT($K83)} -> Answer 1 | K83: {=CELL("address",OFFSET('Damage Scenarios'!$A$2,0,ROW()-ROW($K$76)))} -> '[QuBA-libre.xlsx]Damage Scenarios'!$H$2
A84: {=IF(INDEX($H:$H,ROW()-1)<>$H84,$E84,"")} | B84: {=IF($K84="","",_xlfn.LET( _xlpm._fullName,IF($L84="",SUBSTITUTE(SUBSTITUTE(INDIRECT($K84),CHAR(10)," ")," "," "),$L84), _xlpm._truncatedName,IF(LEN(_xlpm._fullName)>250,LEFT(_xlpm._fullName,250)&"[…]",_xlpm._fullName), HYPERLINK("#'"&$E84&"'!"&$F84&$G84, _xlpm._truncatedName)))} -> Answer 2 | C84: Calculated: The second answer provided in the Questionnaire sheet to the referenced question (see the ID column). | E84: =IF($K84="","",_xlfn.LET( _xlpm._in,$K84, _xlpm._start,FIND("]",_xlpm._in)+1, SUBSTITUTE(MID(_xlpm._in,_xlpm._start,FIND("!",_xlpm._in)-_xlpm._start),"'",""))) -> Damage Scenarios | F84: =IF($K84="","",_xlfn.LET( _xlpm._in,SUBSTITUTE($K84,"$","§",1), _xlpm._start,FIND("§",_xlpm._in)+1, SUBSTITUTE(MID(_xlpm._in,_xlpm._start,FIND("$",_xlpm._in)-_xlpm._start),"'",""))) -> I | G84: =IF($K84="","",RIGHT($K84,LEN($K84)-FIND("$",SUBSTITUTE($K84,"$","§",1)))) -> 2 | H84: {=CreateID($H$35,$E84<>INDEX($E:$E,ROW()-1))} -> 4 | I84: {=INDIRECT($K84)} -> Answer 2 | K84: {=CELL("address",OFFSET('Damage Scenarios'!$A$2,0,ROW()-ROW($K$76)))} -> '[QuBA-libre.xlsx]Damage Scenarios'!$I$2
A85: {=IF(INDEX($H:$H,ROW()-1)<>$H85,$E85,"")} | B85: {=IF($K85="","",_xlfn.LET( _xlpm._fullName,IF($L85="",SUBSTITUTE(SUBSTITUTE(INDIRECT($K85),CHAR(10)," ")," "," "),$L85), _xlpm._truncatedName,IF(LEN(_xlpm._fullName)>250,LEFT(_xlpm._fullName,250)&"[…]",_xlpm._fullName), HYPERLINK("#'"&$E85&"'!"&$F85&$G85, _xlpm._truncatedName)))} -> Damage Scenario Text (depends on answers to questionnaire) | C85: Calculated: The resulting damage scenario text. | E85: =IF($K85="","",_xlfn.LET( _xlpm._in,$K85, _xlpm._start,FIND("]",_xlpm._in)+1, SUBSTITUTE(MID(_xlpm._in,_xlpm._start,FIND("!",_xlpm._in)-_xlpm._start),"'",""))) -> Damage Scenarios | F85: =IF($K85="","",_xlfn.LET( _xlpm._in,SUBSTITUTE($K85,"$","§",1), _xlpm._start,FIND("§",_xlpm._in)+1, SUBSTITUTE(MID(_xlpm._in,_xlpm._start,FIND("$",_xlpm._in)-_xlpm._start),"'",""))) -> J | G85: =IF($K85="","",RIGHT($K85,LEN($K85)-FIND("$",SUBSTITUTE($K85,"$","§",1)))) -> 2 | H85: {=CreateID($H$35,$E85<>INDEX($E:$E,ROW()-1))} -> 4 | I85: {=INDIRECT($K85)} -> Damage Scenario Text (depends on answers to questionnaire) | K85: {=CELL("address",OFFSET('Damage Scenarios'!$A$2,0,ROW()-ROW($K$76)))} -> '[QuBA-libre.xlsx]Damage Scenarios'!$J$2
A86: {=IF(INDEX($H:$H,ROW()-1)<>$H86,$E86,"")} | B86: {=IF($K86="","",_xlfn.LET( _xlpm._fullName,IF($L86="",SUBSTITUTE(SUBSTITUTE(INDIRECT($K86),CHAR(10)," ")," "," "),$L86), _xlpm._truncatedName,IF(LEN(_xlpm._fullName)>250,LEFT(_xlpm._fullName,250)&"[…]",_xlpm._fullName), HYPERLINK("#'"&$E86&"'!"&$F86&$G86, _xlpm._truncatedName)))} -> Explicit Damage Criterion | C86: Drop-down menu: Optionally reference a damage criterion that differs from Answer 2. | E86: =IF($K86="","",_xlfn.LET( _xlpm._in,$K86, _xlpm._start,FIND("]",_xlpm._in)+1, SUBSTITUTE(MID(_xlpm._in,_xlpm._start,FIND("!",_xlpm._in)-_xlpm._start),"'",""))) -> Damage Scenarios | F86: =IF($K86="","",_xlfn.LET( _xlpm._in,SUBSTITUTE($K86,"$","§",1), _xlpm._start,FIND("§",_xlpm._in)+1, SUBSTITUTE(MID(_xlpm._in,_xlpm._start,FIND("$",_xlpm._in)-_xlpm._start),"'",""))) -> K | G86: =IF($K86="","",RIGHT($K86,LEN($K86)-FIND("$",SUBSTITUTE($K86,"$","§",1)))) -> 2 | H86: {=CreateID($H$35,$E86<>INDEX($E:$E,ROW()-1))} -> 4 | I86: {=INDIRECT($K86)} -> Explicit Damage Criterion | K86: {=CELL("address",OFFSET('Damage Scenarios'!$A$2,0,ROW()-ROW($K$76)))} -> '[QuBA-libre.xlsx]Damage Scenarios'!$K$2
A87: {=IF(INDEX($H:$H,ROW()-1)<>$H87,$E87,"")} | B87: {=IF($K87="","",_xlfn.LET( _xlpm._fullName,IF($L87="",SUBSTITUTE(SUBSTITUTE(INDIRECT($K87),CHAR(10)," ")," "," "),$L87), _xlpm._truncatedName,IF(LEN(_xlpm._fullName)>250,LEFT(_xlpm._fullName,250)&"[…]",_xlpm._fullName), HYPERLINK("#'"&$E87&"'!"&$F87&$G87, _xlpm._truncatedName)))} -> Active Damage Criterion | C87: Calculated: If the damage scenario is active, then a damage criterion is calculated: If an explicit damage criterion is provided, then this criterion applies. Otherwise, the damage criterion specified in Answer 2 applies. | E87: =IF($K87="","",_xlfn.LET( _xlpm._in,$K87, _xlpm._start,FIND("]",_xlpm._in)+1, SUBSTITUTE(MID(_xlpm._in,_xlpm._start,FIND("!",_xlpm._in)-_xlpm._start),"'",""))) -> Damage Scenarios | F87: =IF($K87="","",_xlfn.LET( _xlpm._in,SUBSTITUTE($K87,"$","§",1), _xlpm._start,FIND("§",_xlpm._in)+1, SUBSTITUTE(MID(_xlpm._in,_xlpm._start,FIND("$",_xlpm._in)-_xlpm._start),"'",""))) -> L | G87: =IF($K87="","",RIGHT($K87,LEN($K87)-FIND("$",SUBSTITUTE($K87,"$","§",1)))) -> 2 | H87: {=CreateID($H$35,$E87<>INDEX($E:$E,ROW()-1))} -> 4 | I87: {=INDIRECT($K87)} -> Active Damage Criterion | K87: {=CELL("address",OFFSET('Damage Scenarios'!$A$2,0,ROW()-ROW($K$76)))} -> '[QuBA-libre.xlsx]Damage Scenarios'!$L$2
... A91: {=IF(INDEX($H:$H,ROW()-1)<>$H91,$E91,"")} | B91: {=IF($K91="","",_xlfn.LET( _xlpm._fullName,IF($L91="",SUBSTITUTE(SUBSTITUTE(INDIRECT($K91),CHAR(10)," ")," "," "),$L91), _xlpm._truncatedName,IF(LEN(_xlpm._fullName)>250,LEFT(_xlpm._fullName,250)&"[…]",_xlpm._fullName), HYPERLINK("#'"&$E91&"'!"&$F91&$G91, _xlpm._truncatedName)))} -> Comment | C91: Provide comments. | E91: =IF($K91="","",_xlfn.LET( _xlpm._in,$K91, _xlpm._start,FIND("]",_xlpm._in)+1, SUBSTITUTE(MID(_xlpm._in,_xlpm._start,FIND("!",_xlpm._in)-_xlpm._start),"'",""))) -> Damage Scenarios | F91: =IF($K91="","",_xlfn.LET( _xlpm._in,SUBSTITUTE($K91,"$","§",1), _xlpm._start,FIND("§",_xlpm._in)+1, SUBSTITUTE(MID(_xlpm._in,_xlpm._start,FIND("$",_xlpm._in)-_xlpm._start),"'",""))) -> P | G91: =IF($K91="","",RIGHT($K91,LEN($K91)-FIND("$",SUBSTITUTE($K91,"$","§",1)))) -> 2 | H91: {=CreateID($H$35,$E91<>INDEX($E:$E,ROW()-1))} -> 4 | I91: {=INDIRECT($K91)} -> Comment | K91: {=CELL("address",OFFSET('Damage Scenarios'!$A$2,0,ROW()-ROW($K$76)))} -> '[QuBA-libre.xlsx]Damage Scenarios'!$P$2
A92: {=IF(INDEX($H:$H,ROW()-1)<>$H92,$E92,"")} -> Attack Steps | B92: {=IF($K92="","",_xlfn.LET( _xlpm._fullName,IF($L92="",SUBSTITUTE(SUBSTITUTE(INDIRECT($K92),CHAR(10)," ")," "," "),$L92), _xlpm._truncatedName,IF(LEN(_xlpm._fullName)>250,LEFT(_xlpm._fullName,250)&"[…]",_xlpm._fullName), HYPERLINK("#'"&$E92&"'!"&$F92&$G92, _xlpm._truncatedName)))} -> ID | C92: A unique ID for the attack step. | E92: =IF($K92="","",_xlfn.LET( _xlpm._in,$K92, _xlpm._start,FIND("]",_xlpm._in)+1, SUBSTITUTE(MID(_xlpm._in,_xlpm._start,FIND("!",_xlpm._in)-_xlpm._start),"'",""))) -> Attack Steps | F92: =IF($K92="","",_xlfn.LET( _xlpm._in,SUBSTITUTE($K92,"$","§",1), _xlpm._start,FIND("§",_xlpm._in)+1, SUBSTITUTE(MID(_xlpm._in,_xlpm._start,FIND("$",_xlpm._in)-_xlpm._start),"'",""))) -> A | G92: =IF($K92="","",RIGHT($K92,LEN($K92)-FIND("$",SUBSTITUTE($K92,"$","§",1)))) -> 2 | H92: {=CreateID($H$35,$E92<>INDEX($E:$E,ROW()-1))} -> 5 | I92: {=INDIRECT($K92)} -> ID | K92: {=CELL("address",OFFSET('Attack Steps'!$A$2,0,ROW()-ROW($K$92)))} -> '[QuBA-libre.xlsx]Attack Steps'!$A$2
A93: {=IF(INDEX($H:$H,ROW()-1)<>$H93,$E93,"")} | B93: {=IF($K93="","",_xlfn.LET( _xlpm._fullName,IF($L93="",SUBSTITUTE(SUBSTITUTE(INDIRECT($K93),CHAR(10)," ")," "," "),$L93), _xlpm._truncatedName,IF(LEN(_xlpm._fullName)>250,LEFT(_xlpm._fullName,250)&"[…]",_xlpm._fullName), HYPERLINK("#'"&$E93&"'!"&$F93&$G93, _xlpm._truncatedName)))} -> Attack Step | C93: Describe the attack step. | E93: =IF($K93="","",_xlfn.LET( _xlpm._in,$K93, _xlpm._start,FIND("]",_xlpm._in)+1, SUBSTITUTE(MID(_xlpm._in,_xlpm._start,FIND("!",_xlpm._in)-_xlpm._start),"'",""))) -> Attack Steps | F93: =IF($K93="","",_xlfn.LET( _xlpm._in,SUBSTITUTE($K93,"$","§",1), _xlpm._start,FIND("§",_xlpm._in)+1, SUBSTITUTE(MID(_xlpm._in,_xlpm._start,FIND("$",_xlpm._in)-_xlpm._start),"'",""))) -> B | G93: =IF($K93="","",RIGHT($K93,LEN($K93)-FIND("$",SUBSTITUTE($K93,"$","§",1)))) -> 2 | H93: {=CreateID($H$35,$E93<>INDEX($E:$E,ROW()-1))} -> 5 | I93: {=INDIRECT($K93)} -> Attack Step | K93: {=CELL("address",OFFSET('Attack Steps'!$A$2,0,ROW()-ROW($K$92)))} -> '[QuBA-libre.xlsx]Attack Steps'!$B$2
A94: {=IF(INDEX($H:$H,ROW()-1)<>$H94,$E94,"")} | B94: {=IF($K94="","",_xlfn.LET( _xlpm._fullName,IF($L94="",SUBSTITUTE(SUBSTITUTE(INDIRECT($K94),CHAR(10)," ")," "," "),$L94), _xlpm._truncatedName,IF(LEN(_xlpm._fullName)>250,LEFT(_xlpm._fullName,250)&"[…]",_xlpm._fullName), HYPERLINK("#'"&$E94&"'!"&$F94&$G94, _xlpm._truncatedName)))} -> Prep IDs | C94: CSV: Define other attack steps as prerequisites for this attack step. For each active attack step in the prerequisites, an attack path will be created in later steps. Attack steps can become active based on answers in the Questionnaire sheet or if any of their prerequisites are active. | E94: =IF($K94="","",_xlfn.LET( _xlpm._in,$K94, _xlpm._start,FIND("]",_xlpm._in)+1, SUBSTITUTE(MID(_xlpm._in,_xlpm._start,FIND("!",_xlpm._in)-_xlpm._start),"'",""))) -> Attack Steps | F94: =IF($K94="","",_xlfn.LET( _xlpm._in,SUBSTITUTE($K94,"$","§",1), _xlpm._start,FIND("§",_xlpm._in)+1, SUBSTITUTE(MID(_xlpm._in,_xlpm._start,FIND("$",_xlpm._in)-_xlpm._start),"'",""))) -> C | G94: =IF($K94="","",RIGHT($K94,LEN($K94)-FIND("$",SUBSTITUTE($K94,"$","§",1)))) -> 2 | H94: {=CreateID($H$35,$E94<>INDEX($E:$E,ROW()-1))} -> 5 | I94: {=INDIRECT($K94)} -> Prep IDs | K94: {=CELL("address",OFFSET('Attack Steps'!$A$2,0,ROW()-ROW($K$92)))} -> '[QuBA-libre.xlsx]Attack Steps'!$C$2
A95: {=IF(INDEX($H:$H,ROW()-1)<>$H95,$E95,"")} | B95: {=IF($K95="","",_xlfn.LET( _xlpm._fullName,IF($L95="",SUBSTITUTE(SUBSTITUTE(INDIRECT($K95),CHAR(10)," ")," "," "),$L95), _xlpm._truncatedName,IF(LEN(_xlpm._fullName)>250,LEFT(_xlpm._fullName,250)&"[…]",_xlpm._fullName), HYPERLINK("#'"&$E95&"'!"&$F95&$G95, _xlpm._truncatedName)))} -> Prerequisite Attack Steps | C95: Calculated: Lists the attack steps for the referenced attack step IDs. | E95: =IF($K95="","",_xlfn.LET( _xlpm._in,$K95, _xlpm._start,FIND("]",_xlpm._in)+1, SUBSTITUTE(MID(_xlpm._in,_xlpm._start,FIND("!",_xlpm._in)-_xlpm._start),"'",""))) -> Attack Steps | F95: =IF($K95="","",_xlfn.LET( _xlpm._in,SUBSTITUTE($K95,"$","§",1), _xlpm._start,FIND("§",_xlpm._in)+1, SUBSTITUTE(MID(_xlpm._in,_xlpm._start,FIND("$",_xlpm._in)-_xlpm._start),"'",""))) -> D | G95: =IF($K95="","",RIGHT($K95,LEN($K95)-FIND("$",SUBSTITUTE($K95,"$","§",1)))) -> 2 | H95: {=CreateID($H$35,$E95<>INDEX($E:$E,ROW()-1))} -> 5 | I95: {=INDIRECT($K95)} -> Prerequisite Attack Steps | K95: {=CELL("address",OFFSET('Attack Steps'!$A$2,0,ROW()-ROW($K$92)))} -> '[QuBA-libre.xlsx]Attack Steps'!$D$2
A96: {=IF(INDEX($H:$H,ROW()-1)<>$H96,$E96,"")} | B96: {=IF($K96="","",_xlfn.LET( _xlpm._fullName,IF($L96="",SUBSTITUTE(SUBSTITUTE(INDIRECT($K96),CHAR(10)," ")," "," "),$L96), _xlpm._truncatedName,IF(LEN(_xlpm._fullName)>250,LEFT(_xlpm._fullName,250)&"[…]",_xlpm._fullName), HYPERLINK("#'"&$E96&"'!"&$F96&$G96, _xlpm._truncatedName)))} -> Q IDs | C96: CSV: Reference the IDs of questions whose answers imply damage scenarios caused by the attack step (cf. the DS Definition sheet). | D96: Example: The attack steps causes the damage scenarios related to question Qx. The actual damage scenario depends on the specific answers provided to Qx and might be "no damage scenario". | E96: =IF($K96="","",_xlfn.LET( _xlpm._in,$K96, _xlpm._start,FIND("]",_xlpm._in)+1, SUBSTITUTE(MID(_xlpm._in,_xlpm._start,FIND("!",_xlpm._in)-_xlpm._start),"'",""))) -> Attack Steps | F96: =IF($K96="","",_xlfn.LET( _xlpm._in,SUBSTITUTE($K96,"$","§",1), _xlpm._start,FIND("§",_xlpm._in)+1, SUBSTITUTE(MID(_xlpm._in,_xlpm._start,FIND("$",_xlpm._in)-_xlpm._start),"'",""))) -> E | G96: =IF($K96="","",RIGHT($K96,LEN($K96)-FIND("$",SUBSTITUTE($K96,"$","§",1)))) -> 2 | H96: {=CreateID($H$35,$E96<>INDEX($E:$E,ROW()-1))} -> 5 | I96: {=INDIRECT($K96)} -> Q IDs | K96: {=CELL("address",OFFSET('Attack Steps'!$A$2,0,ROW()-ROW($K$92)))} -> '[QuBA-libre.xlsx]Attack Steps'!$E$2
A97: {=IF(INDEX($H:$H,ROW()-1)<>$H97,$E97,"")} | B97: {=IF($K97="","",_xlfn.LET( _xlpm._fullName,IF($L97="",SUBSTITUTE(SUBSTITUTE(INDIRECT($K97),CHAR(10)," ")," "," "),$L97), _xlpm._truncatedName,IF(LEN(_xlpm._fullName)>250,LEFT(_xlpm._fullName,250)&"[…]",_xlpm._fullName), HYPERLINK("#'"&$E97&"'!"&$F97&$G97, _xlpm._truncatedName)))} -> Related Question (for damage scenarios) | C97: Calculated: Lists the questions for the referenced question IDs. | E97: =IF($K97="","",_xlfn.LET( _xlpm._in,$K97, _xlpm._start,FIND("]",_xlpm._in)+1, SUBSTITUTE(MID(_xlpm._in,_xlpm._start,FIND("!",_xlpm._in)-_xlpm._start),"'",""))) -> Attack Steps | F97: =IF($K97="","",_xlfn.LET( _xlpm._in,SUBSTITUTE($K97,"$","§",1), _xlpm._start,FIND("§",_xlpm._in)+1, SUBSTITUTE(MID(_xlpm._in,_xlpm._start,FIND("$",_xlpm._in)-_xlpm._start),"'",""))) -> F | G97: =IF($K97="","",RIGHT($K97,LEN($K97)-FIND("$",SUBSTITUTE($K97,"$","§",1)))) -> 2 | H97: {=CreateID($H$35,$E97<>INDEX($E:$E,ROW()-1))} -> 5 | I97: {=INDIRECT($K97)} -> Related Question (for damage scenarios) | K97: {=CELL("address",OFFSET('Attack Steps'!$A$2,0,ROW()-ROW($K$92)))} -> '[QuBA-libre.xlsx]Attack Steps'!$F$2
A98: {=IF(INDEX($H:$H,ROW()-1)<>$H98,$E98,"")} | B98: {=IF($K98="","",_xlfn.LET( _xlpm._fullName,IF($L98="",SUBSTITUTE(SUBSTITUTE(INDIRECT($K98),CHAR(10)," ")," "," "),$L98), _xlpm._truncatedName,IF(LEN(_xlpm._fullName)>250,LEFT(_xlpm._fullName,250)&"[…]",_xlpm._fullName), HYPERLINK("#'"&$E98&"'!"&$F98&$G98, _xlpm._truncatedName)))} -> Active Damage Scenarios | C98: Calculated: Lists the damage scenarios for the referenced question IDs, based on the answers in the Questionnaire sheet. | E98: =IF($K98="","",_xlfn.LET( _xlpm._in,$K98, _xlpm._start,FIND("]",_xlpm._in)+1, SUBSTITUTE(MID(_xlpm._in,_xlpm._start,FIND("!",_xlpm._in)-_xlpm._start),"'",""))) -> Attack Steps | F98: =IF($K98="","",_xlfn.LET( _xlpm._in,SUBSTITUTE($K98,"$","§",1), _xlpm._start,FIND("§",_xlpm._in)+1, SUBSTITUTE(MID(_xlpm._in,_xlpm._start,FIND("$",_xlpm._in)-_xlpm._start),"'",""))) -> G | G98: =IF($K98="","",RIGHT($K98,LEN($K98)-FIND("$",SUBSTITUTE($K98,"$","§",1)))) -> 2 | H98: {=CreateID($H$35,$E98<>INDEX($E:$E,ROW()-1))} -> 5 | I98: {=INDIRECT($K98)} -> Active Damage Scenarios | K98: {=CELL("address",OFFSET('Attack Steps'!$A$2,0,ROW()-ROW($K$92)))} -> '[QuBA-libre.xlsx]Attack Steps'!$G$2
A99: {=IF(INDEX($H:$H,ROW()-1)<>$H99,$E99,"")} | B99: {=IF($K99="","",_xlfn.LET( _xlpm._fullName,IF($L99="",SUBSTITUTE(SUBSTITUTE(INDIRECT($K99),CHAR(10)," ")," "," "),$L99), _xlpm._truncatedName,IF(LEN(_xlpm._fullName)>250,LEFT(_xlpm._fullName,250)&"[…]",_xlpm._fullName), HYPERLINK("#'"&$E99&"'!"&$F99&$G99, _xlpm._truncatedName)))} -> Elapsed Time | C99: Estimate the factor Elapsed Time for this attack step. | E99: =IF($K99="","",_xlfn.LET( _xlpm._in,$K99, _xlpm._start,FIND("]",_xlpm._in)+1, SUBSTITUTE(MID(_xlpm._in,_xlpm._start,FIND("!",_xlpm._in)-_xlpm._start),"'",""))) -> Attack Steps | F99: =IF($K99="","",_xlfn.LET( _xlpm._in,SUBSTITUTE($K99,"$","§",1), _xlpm._start,FIND("§",_xlpm._in)+1, SUBSTITUTE(MID(_xlpm._in,_xlpm._start,FIND("$",_xlpm._in)-_xlpm._start),"'",""))) -> H | G99: =IF($K99="","",RIGHT($K99,LEN($K99)-FIND("$",SUBSTITUTE($K99,"$","§",1)))) -> 2 | H99: {=CreateID($H$35,$E99<>INDEX($E:$E,ROW()-1))} -> 5 | I99: {=INDIRECT($K99)} -> Elapsed Time | K99: {=CELL("address",OFFSET('Attack Steps'!$A$2,0,ROW()-ROW($K$92)))} -> '[QuBA-libre.xlsx]Attack Steps'!$H$2
A100: {=IF(INDEX($H:$H,ROW()-1)<>$H100,$E100,"")} | B100: {=IF($K100="","",_xlfn.LET( _xlpm._fullName,IF($L100="",SUBSTITUTE(SUBSTITUTE(INDIRECT($K100),CHAR(10)," ")," "," "),$L100), _xlpm._truncatedName,IF(LEN(_xlpm._fullName)>250,LEFT(_xlpm._fullName,250)&"[…]",_xlpm._fullName), HYPERLINK("#'"&$E100&"'!"&$F100&$G100, _xlpm._truncatedName)))} -> Expertise | C100: Estimate the factor Expertise for this attack step. | E100: =IF($K100="","",_xlfn.LET( _xlpm._in,$K100, _xlpm._start,FIND("]",_xlpm._in)+1, SUBSTITUTE(MID(_xlpm._in,_xlpm._start,FIND("!",_xlpm._in)-_xlpm._start),"'",""))) -> Attack Steps | F100: =IF($K100="","",_xlfn.LET( _xlpm._in,SUBSTITUTE($K100,"$","§",1), _xlpm._start,FIND("§",_xlpm._in)+1, SUBSTITUTE(MID(_xlpm._in,_xlpm._start,FIND("$",_xlpm._in)-_xlpm._start),"'",""))) -> I | G100: =IF($K100="","",RIGHT($K100,LEN($K100)-FIND("$",SUBSTITUTE($K100,"$","§",1)))) -> 2 | H100: {=CreateID($H$35,$E100<>INDEX($E:$E,ROW()-1))} -> 5 | I100: {=INDIRECT($K100)} -> Expertise | K100: {=CELL("address",OFFSET('Attack Steps'!$A$2,0,ROW()-ROW($K$92)))} -> '[QuBA-libre.xlsx]Attack Steps'!$I$2
A101: {=IF(INDEX($H:$H,ROW()-1)<>$H101,$E101,"")} | B101: {=IF($K101="","",_xlfn.LET( _xlpm._fullName,IF($L101="",SUBSTITUTE(SUBSTITUTE(INDIRECT($K101),CHAR(10)," ")," "," "),$L101), _xlpm._truncatedName,IF(LEN(_xlpm._fullName)>250,LEFT(_xlpm._fullName,250)&"[…]",_xlpm._fullName), HYPERLINK("#'"&$E101&"'!"&$F101&$G101, _xlpm._truncatedName)))} -> Knowledge of TOE | C101: Estimate the factor Knowledge of TOE for this attack step. | E101: =IF($K101="","",_xlfn.LET( _xlpm._in,$K101, _xlpm._start,FIND("]",_xlpm._in)+1, SUBSTITUTE(MID(_xlpm._in,_xlpm._start,FIND("!",_xlpm._in)-_xlpm._start),"'",""))) -> Attack Steps | F101: =IF($K101="","",_xlfn.LET( _xlpm._in,SUBSTITUTE($K101,"$","§",1), _xlpm._start,FIND("§",_xlpm._in)+1, SUBSTITUTE(MID(_xlpm._in,_xlpm._start,FIND("$",_xlpm._in)-_xlpm._start),"'",""))) -> J | G101: =IF($K101="","",RIGHT($K101,LEN($K101)-FIND("$",SUBSTITUTE($K101,"$","§",1)))) -> 2 | H101: {=CreateID($H$35,$E101<>INDEX($E:$E,ROW()-1))} -> 5 | I101: {=INDIRECT($K101)} -> Knowledge of TOE | K101: {=CELL("address",OFFSET('Attack Steps'!$A$2,0,ROW()-ROW($K$92)))} -> '[QuBA-libre.xlsx]Attack Steps'!$J$2
A102: {=IF(INDEX($H:$H,ROW()-1)<>$H102,$E102,"")} | B102: {=IF($K102="","",_xlfn.LET( _xlpm._fullName,IF($L102="",SUBSTITUTE(SUBSTITUTE(INDIRECT($K102),CHAR(10)," ")," "," "),$L102), _xlpm._truncatedName,IF(LEN(_xlpm._fullName)>250,LEFT(_xlpm._fullName,250)&"[…]",_xlpm._fullName), HYPERLINK("#'"&$E102&"'!"&$F102&$G102, _xlpm._truncatedName)))} -> Window of Opportunity | C102: Estimate the factor Window of Opportunity for this attack step. | E102: =IF($K102="","",_xlfn.LET( _xlpm._in,$K102, _xlpm._start,FIND("]",_xlpm._in)+1, SUBSTITUTE(MID(_xlpm._in,_xlpm._start,FIND("!",_xlpm._in)-_xlpm._start),"'",""))) -> Attack Steps | F102: =IF($K102="","",_xlfn.LET( _xlpm._in,SUBSTITUTE($K102,"$","§",1), _xlpm._start,FIND("§",_xlpm._in)+1, SUBSTITUTE(MID(_xlpm._in,_xlpm._start,FIND("$",_xlpm._in)-_xlpm._start),"'",""))) -> K | G102: =IF($K102="","",RIGHT($K102,LEN($K102)-FIND("$",SUBSTITUTE($K102,"$","§",1)))) -> 2 | H102: {=CreateID($H$35,$E102<>INDEX($E:$E,ROW()-1))} -> 5 | I102: {=INDIRECT($K102)} -> Window of Opportunity | K102: {=CELL("address",OFFSET('Attack Steps'!$A$2,0,ROW()-ROW($K$92)))} -> '[QuBA-libre.xlsx]Attack Steps'!$K$2
A103: {=IF(INDEX($H:$H,ROW()-1)<>$H103,$E103,"")} | B103: {=IF($K103="","",_xlfn.LET( _xlpm._fullName,IF($L103="",SUBSTITUTE(SUBSTITUTE(INDIRECT($K103),CHAR(10)," ")," "," "),$L103), _xlpm._truncatedName,IF(LEN(_xlpm._fullName)>250,LEFT(_xlpm._fullName,250)&"[…]",_xlpm._fullName), HYPERLINK("#'"&$E103&"'!"&$F103&$G103, _xlpm._truncatedName)))} -> Equipment | C103: Estimate the factor Equipment for this attack step. | E103: =IF($K103="","",_xlfn.LET( _xlpm._in,$K103, _xlpm._start,FIND("]",_xlpm._in)+1, SUBSTITUTE(MID(_xlpm._in,_xlpm._start,FIND("!",_xlpm._in)-_xlpm._start),"'",""))) -> Attack Steps | F103: =IF($K103="","",_xlfn.LET( _xlpm._in,SUBSTITUTE($K103,"$","§",1), _xlpm._start,FIND("§",_xlpm._in)+1, SUBSTITUTE(MID(_xlpm._in,_xlpm._start,FIND("$",_xlpm._in)-_xlpm._start),"'",""))) -> L | G103: =IF($K103="","",RIGHT($K103,LEN($K103)-FIND("$",SUBSTITUTE($K103,"$","§",1)))) -> 2 | H103: {=CreateID($H$35,$E103<>INDEX($E:$E,ROW()-1))} -> 5 | I103: {=INDIRECT($K103)} -> Equipment | K103: {=CELL("address",OFFSET('Attack Steps'!$A$2,0,ROW()-ROW($K$92)))} -> '[QuBA-libre.xlsx]Attack Steps'!$L$2
A104: {=IF(INDEX($H:$H,ROW()-1)<>$H104,$E104,"")} | B104: {=IF($K104="","",_xlfn.LET( _xlpm._fullName,IF($L104="",SUBSTITUTE(SUBSTITUTE(INDIRECT($K104),CHAR(10)," ")," "," "),$L104), _xlpm._truncatedName,IF(LEN(_xlpm._fullName)>250,LEFT(_xlpm._fullName,250)&"[…]",_xlpm._fullName), HYPERLINK("#'"&$E104&"'!"&$F104&$G104, _xlpm._truncatedName)))} -> RAP | C104: Calculated: The resulting required attack potential. | E104: =IF($K104="","",_xlfn.LET( _xlpm._in,$K104, _xlpm._start,FIND("]",_xlpm._in)+1, SUBSTITUTE(MID(_xlpm._in,_xlpm._start,FIND("!",_xlpm._in)-_xlpm._start),"'",""))) -> Attack Steps | F104: =IF($K104="","",_xlfn.LET( _xlpm._in,SUBSTITUTE($K104,"$","§",1), _xlpm._start,FIND("§",_xlpm._in)+1, SUBSTITUTE(MID(_xlpm._in,_xlpm._start,FIND("$",_xlpm._in)-_xlpm._start),"'",""))) -> M | G104: =IF($K104="","",RIGHT($K104,LEN($K104)-FIND("$",SUBSTITUTE($K104,"$","§",1)))) -> 2 | H104: {=CreateID($H$35,$E104<>INDEX($E:$E,ROW()-1))} -> 5 | I104: {=INDIRECT($K104)} -> RAP | K104: {=CELL("address",OFFSET('Attack Steps'!$A$2,0,ROW()-ROW($K$92)))} -> '[QuBA-libre.xlsx]Attack Steps'!$M$2
A105: {=IF(INDEX($H:$H,ROW()-1)<>$H105,$E105,"")} | B105: {=IF($K105="","",_xlfn.LET( _xlpm._fullName,IF($L105="",SUBSTITUTE(SUBSTITUTE(INDIRECT($K105),CHAR(10)," ")," "," "),$L105), _xlpm._truncatedName,IF(LEN(_xlpm._fullName)>250,LEFT(_xlpm._fullName,250)&"[…]",_xlpm._fullName), HYPERLINK("#'"&$E105&"'!"&$F105&$G105, _xlpm._truncatedName)))} -> Required answers for this attack step | C105: CSV: Reference answers in the Questionnaire sheet that are required for making this attack step active. If no answers are referenced, then prerequisite attack steps should be considered. | D105: Syntax: <Q ID>[<Answer 1>|<Answer 2>] Examples: QA4[Yes|Yes], QA14[Yes], QI2[Yes|*], where * serves as a wildcard accepting any answer. | E105: =IF($K105="","",_xlfn.LET( _xlpm._in,$K105, _xlpm._start,FIND("]",_xlpm._in)+1, SUBSTITUTE(MID(_xlpm._in,_xlpm._start,FIND("!",_xlpm._in)-_xlpm._start),"'",""))) -> Attack Steps | F105: =IF($K105="","",_xlfn.LET( _xlpm._in,SUBSTITUTE($K105,"$","§",1), _xlpm._start,FIND("§",_xlpm._in)+1, SUBSTITUTE(MID(_xlpm._in,_xlpm._start,FIND("$",_xlpm._in)-_xlpm._start),"'",""))) -> N | G105: =IF($K105="","",RIGHT($K105,LEN($K105)-FIND("$",SUBSTITUTE($K105,"$","§",1)))) -> 2 | H105: {=CreateID($H$35,$E105<>INDEX($E:$E,ROW()-1))} -> 5 | I105: {=INDIRECT($K105)} -> Required answers for this attack step | K105: {=CELL("address",OFFSET('Attack Steps'!$A$2,0,ROW()-ROW($K$92)))} -> '[QuBA-libre.xlsx]Attack Steps'!$N$2
A106: {=IF(INDEX($H:$H,ROW()-1)<>$H106,$E106,"")} | B106: {=IF($K106="","",_xlfn.LET( _xlpm._fullName,IF($L106="",SUBSTITUTE(SUBSTITUTE(INDIRECT($K106),CHAR(10)," ")," "," "),$L106), _xlpm._truncatedName,IF(LEN(_xlpm._fullName)>250,LEFT(_xlpm._fullName,250)&"[…]",_xlpm._fullName), HYPERLINK("#'"&$E106&"'!"&$F106&$G106, _xlpm._truncatedName)))} -> Answer Names | C106: Calculated: Provides the names of the referenced answers. | E106: =IF($K106="","",_xlfn.LET( _xlpm._in,$K106, _xlpm._start,FIND("]",_xlpm._in)+1, SUBSTITUTE(MID(_xlpm._in,_xlpm._start,FIND("!",_xlpm._in)-_xlpm._start),"'",""))) -> Attack Steps | F106: =IF($K106="","",_xlfn.LET( _xlpm._in,SUBSTITUTE($K106,"$","§",1), _xlpm._start,FIND("§",_xlpm._in)+1, SUBSTITUTE(MID(_xlpm._in,_xlpm._start,FIND("$",_xlpm._in)-_xlpm._start),"'",""))) -> O | G106: =IF($K106="","",RIGHT($K106,LEN($K106)-FIND("$",SUBSTITUTE($K106,"$","§",1)))) -> 2 | H106: {=CreateID($H$35,$E106<>INDEX($E:$E,ROW()-1))} -> 5 | I106: {=INDIRECT($K106)} -> Answer Names | K106: {=CELL("address",OFFSET('Attack Steps'!$A$2,0,ROW()-ROW($K$92)))} -> '[QuBA-libre.xlsx]Attack Steps'!$O$2
A107: {=IF(INDEX($H:$H,ROW()-1)<>$H107,$E107,"")} | B107: {=IF($K107="","",_xlfn.LET( _xlpm._fullName,IF($L107="",SUBSTITUTE(SUBSTITUTE(INDIRECT($K107),CHAR(10)," ")," "," "),$L107), _xlpm._truncatedName,IF(LEN(_xlpm._fullName)>250,LEFT(_xlpm._fullName,250)&"[…]",_xlpm._fullName), HYPERLINK("#'"&$E107&"'!"&$F107&$G107, _xlpm._truncatedName)))} -> Mapping to CRA, Annex I (1.2) | C107: Provide the letters of entries from the CRA, Annex I (1.2) related to this attack step. | E107: =IF($K107="","",_xlfn.LET( _xlpm._in,$K107, _xlpm._start,FIND("]",_xlpm._in)+1, SUBSTITUTE(MID(_xlpm._in,_xlpm._start,FIND("!",_xlpm._in)-_xlpm._start),"'",""))) -> Attack Steps | F107: =IF($K107="","",_xlfn.LET( _xlpm._in,SUBSTITUTE($K107,"$","§",1), _xlpm._start,FIND("§",_xlpm._in)+1, SUBSTITUTE(MID(_xlpm._in,_xlpm._start,FIND("$",_xlpm._in)-_xlpm._start),"'",""))) -> P | G107: =IF($K107="","",RIGHT($K107,LEN($K107)-FIND("$",SUBSTITUTE($K107,"$","§",1)))) -> 2 | H107: {=CreateID($H$35,$E107<>INDEX($E:$E,ROW()-1))} -> 5 | I107: {=INDIRECT($K107)} -> Mapping to CRA, Annex I (1.2) | K107: {=CELL("address",OFFSET('Attack Steps'!$A$2,0,ROW()-ROW($K$92)))} -> '[QuBA-libre.xlsx]Attack Steps'!$P$2
...

Sheet Answering Guideline
A1: Answering Guideline
A2: Q ID | B2: Question | C2: Answer | D2: Answering Guideline | E2: Follow Up Question | F2: Answer | G2: Answering Guideline | H2: Shadow ID | I2: Sheet Name | J2: Column Letter | K2: Header Row | L2: Sheet # | M2: Column Original Name | N2: Row Color | O2: Q ID2 | Q2: Question Address | R2: Explicit Link Text | S2: Additional information
A3: {=IF($Q3="","",_xlfn.LET( _xlpm._fullName,IF($R3="",SUBSTITUTE(SUBSTITUTE(INDIRECT($Q3),CHAR(10)," ")," "," "),$R3), _xlpm._truncatedName,IF(LEN(_xlpm._fullName)>250,LEFT(_xlpm._fullName,250)&"[…]",_xlpm._fullName), HYPERLINK("#'"&$I3&"'!"&$J3&$K3, _xlpm._truncatedName)))} -> QI1 | B3: {=IF($A3="","",SimpleLookup($A3,Questions!$A:$B))} -> Does the product have / support cameras or other sensors that can potentially identify people? (Regarding "supporting a camera / sensor": only answer with Yes if attaching a camera / sensor is in the intended or foreseeable use of the product.) | C3: Yes | D3: (1) Yes, if information gathered by the device may directly or indirectly make a person identifiable, even if identification is not the intended purpose. Also applies to any biometric or person-related attributes, including but not limited to: * voice or speech characteristics * fingerprints * face or partial face images | E3: {=_xlfn.LET( _xlpm._options,IF($O3="","",SimpleLookup($O3,Questions!$A:$H)), _xlpm._followUpStart,FIND($C3&":",_xlpm._options)+LEN($C3&":"), _xlpm._followUpEnd,FIND(CHAR(10),_xlpm._options&CHAR(10),_xlpm._followUpStart), IF($C3="","",TRIM(MID(_xlpm._options,_xlpm._followUpStart,_xlpm._followUpEnd-_xlpm._followUpStart))))} -> Can you argue that the product cannot identify people in its operational environment? | F3: Yes | G3: (1) Yes, if technical design reliably prevents human capture or recognition. (1a) Physical or mechanical limitations Yes, if the solution is assembled in a way that prevents filming people, for example: * camera permanently directed: - at the floor - into machinery - onto a conveyor belt without human contact - into enclosed compartments * field of view physically blocked - shielding - housing design - mechanical stops * installation height or angle excludes human capture Important: * Must be permanent and not user-adjustable * Must not rely on user configuration | H3: {=CreateID($H$2,$A3<>"")} -> 1 | I3: =IF($Q3="","",_xlfn.LET( _xlpm._in,$Q3, _xlpm._start,FIND("]",_xlpm._in)+1, SUBSTITUTE(MID(_xlpm._in,_xlpm._start,FIND("!",_xlpm._in)-_xlpm._start),"'",""))) -> Questionnaire | J3: =IF($Q3="","",_xlfn.LET( _xlpm._in,SUBSTITUTE($Q3,"$","§",1), _xlpm._start,FIND("§",_xlpm._in)+1, SUBSTITUTE(MID(_xlpm._in,_xlpm._start,FIND("$",_xlpm._in)-_xlpm._start),"'",""))) -> B | K3: =IF($Q3="","",RIGHT($Q3,LEN($Q3)-FIND("$",SUBSTITUTE($Q3,"$","§",1)))) -> 6 | L3: {=CreateID($L$2,$I3<>INDEX($I:$I,ROW()-1))} -> 1 | M3: {=IF($Q3="","",INDIRECT($Q3))} -> QI1 | N3: =IF(MOD($H3,2)=0,"D","L") -> L | O3: =IF($A3="",OFFSET($O3,-1,0),$A3) -> QI1 | Q3: {=CELL("address",Questionnaire!$B$6)} -> '[QuBA-libre.xlsx]Questionnaire'!$B$6
A4: {=IF($Q4="","",_xlfn.LET( _xlpm._fullName,IF($R4="",SUBSTITUTE(SUBSTITUTE(INDIRECT($Q4),CHAR(10)," ")," "," "),$R4), _xlpm._truncatedName,IF(LEN(_xlpm._fullName)>250,LEFT(_xlpm._fullName,250)&"[…]",_xlpm._fullName), HYPERLINK("#'"&$I4&"'!"&$J4&$K4, _xlpm._truncatedName)))} | B4: {=IF($A4="","",SimpleLookup($A4,Questions!$A:$B))} | E4: {=_xlfn.LET( _xlpm._options,IF($O4="","",SimpleLookup($O4,Questions!$A:$H)), _xlpm._followUpStart,FIND($C4&":",_xlpm._options)+LEN($C4&":"), _xlpm._followUpEnd,FIND(CHAR(10),_xlpm._options&CHAR(10),_xlpm._followUpStart), IF($C4="","",TRIM(MID(_xlpm._options,_xlpm._followUpStart,_xlpm._followUpEnd-_xlpm._followUpStart))))} | G4: (1b) Sensor technology inherently prevents identification Yes, if the device uses sensors where human identification is technically impossible, such as: * low-resolution LiDAR without reflectivity mapping * binary presence sensors * ultrasonic distance sensors * infrared break beams * coarse occupancy detection Not valid if: * reflectivity data is recorded * high-resolution depth cameras are used | H4: {=CreateID($H$2,$A4<>"")} -> 1 | I4: =IF($Q4="","",_xlfn.LET( _xlpm._in,$Q4, _xlpm._start,FIND("]",_xlpm._in)+1, SUBSTITUTE(MID(_xlpm._in,_xlpm._start,FIND("!",_xlpm._in)-_xlpm._start),"'",""))) | J4: =IF($Q4="","",_xlfn.LET( _xlpm._in,SUBSTITUTE($Q4,"$","§",1), _xlpm._start,FIND("§",_xlpm._in)+1, SUBSTITUTE(MID(_xlpm._in,_xlpm._start,FIND("$",_xlpm._in)-_xlpm._start),"'",""))) | K4: =IF($Q4="","",RIGHT($Q4,LEN($Q4)-FIND("$",SUBSTITUTE($Q4,"$","§",1)))) | L4: {=CreateID($L$2,$I4<>INDEX($I:$I,ROW()-1))} -> 2 | M4: {=IF($Q4="","",INDIRECT($Q4))} | N4: =IF(MOD($H4,2)=0,"D","L") -> L | O4: =IF($A4="",OFFSET($O4,-1,0),$A4) -> QI1
A5: {=IF($Q5="","",_xlfn.LET( _xlpm._fullName,IF($R5="",SUBSTITUTE(SUBSTITUTE(INDIRECT($Q5),CHAR(10)," ")," "," "),$R5), _xlpm._truncatedName,IF(LEN(_xlpm._fullName)>250,LEFT(_xlpm._fullName,250)&"[…]",_xlpm._fullName), HYPERLINK("#'"&$I5&"'!"&$J5&$K5, _xlpm._truncatedName)))} | B5: {=IF($A5="","",SimpleLookup($A5,Questions!$A:$B))} | E5: {=_xlfn.LET( _xlpm._options,IF($O5="","",SimpleLookup($O5,Questions!$A:$H)), _xlpm._followUpStart,FIND($C5&":",_xlpm._options)+LEN($C5&":"), _xlpm._followUpEnd,FIND(CHAR(10),_xlpm._options&CHAR(10),_xlpm._followUpStart), IF($C5="","",TRIM(MID(_xlpm._options,_xlpm._followUpStart,_xlpm._followUpEnd-_xlpm._followUpStart))))} | G5: (1c) Human-free operating environments Yes, if the device operates exclusively in environments without humans, such as: * sealed industrial cells * fenced robotic zones with interlocks * restricted access technical rooms * automated warehouses without personnel Conditions: * access control must exist * normal operation must exclude humans * occasional maintenance does not invalidate this Not valid if: * device can be redeployed elsewhere * environment is only "normally" empty * device is customer-installable | H5: {=CreateID($H$2,$A5<>"")} -> 1 | I5: =IF($Q5="","",_xlfn.LET( _xlpm._in,$Q5, _xlpm._start,FIND("]",_xlpm._in)+1, SUBSTITUTE(MID(_xlpm._in,_xlpm._start,FIND("!",_xlpm._in)-_xlpm._start),"'",""))) | J5: =IF($Q5="","",_xlfn.LET( _xlpm._in,SUBSTITUTE($Q5,"$","§",1), _xlpm._start,FIND("§",_xlpm._in)+1, SUBSTITUTE(MID(_xlpm._in,_xlpm._start,FIND("$",_xlpm._in)-_xlpm._start),"'",""))) | K5: =IF($Q5="","",RIGHT($Q5,LEN($Q5)-FIND("$",SUBSTITUTE($Q5,"$","§",1)))) | L5: {=CreateID($L$2,$I5<>INDEX($I:$I,ROW()-1))} -> 2 | M5: {=IF($Q5="","",INDIRECT($Q5))} | N5: =IF(MOD($H5,2)=0,"D","L") -> L | O5: =IF($A5="",OFFSET($O5,-1,0),$A5) -> QI1
A6: {=IF($Q6="","",_xlfn.LET( _xlpm._fullName,IF($R6="",SUBSTITUTE(SUBSTITUTE(INDIRECT($Q6),CHAR(10)," ")," "," "),$R6), _xlpm._truncatedName,IF(LEN(_xlpm._fullName)>250,LEFT(_xlpm._fullName,250)&"[…]",_xlpm._fullName), HYPERLINK("#'"&$I6&"'!"&$J6&$K6, _xlpm._truncatedName)))} | B6: {=IF($A6="","",SimpleLookup($A6,Questions!$A:$B))} | E6: {=_xlfn.LET( _xlpm._options,IF($O6="","",SimpleLookup($O6,Questions!$A:$H)), _xlpm._followUpStart,FIND($C6&":",_xlpm._options)+LEN($C6&":"), _xlpm._followUpEnd,FIND(CHAR(10),_xlpm._options&CHAR(10),_xlpm._followUpStart), IF($C6="","",TRIM(MID(_xlpm._options,_xlpm._followUpStart,_xlpm._followUpEnd-_xlpm._followUpStart))))} | F6: No | G6: (2) No — cannot argue that the solution avoids filming or detecting people (2a) Field of view includes humans No, if the device is assembled or positioned in a way that allows people in its field of view. Examples: * cameras facing corridors * cameras facing workstations * cameras in public or semi-public areas * adjustable camera mounts (2b) Human-related features exist No, if the system includes functions such as: * facial recognition * person detection * people counting * gesture recognition * crowd monitoring Even if: * features are disabled by default * features are optional (2c) Mobile or autonomous devices No, if the device is mobile and navigates through mixed-use environments, such as: * offices * retail spaces * hospitals * airports * logistics areas with staff present Unless: * active technical measures prevent capture of people * or sensors cannot detect humans at all | H6: {=CreateID($H$2,$A6<>"")} -> 1 | I6: =IF($Q6="","",_xlfn.LET( _xlpm._in,$Q6, _xlpm._start,FIND("]",_xlpm._in)+1, SUBSTITUTE(MID(_xlpm._in,_xlpm._start,FIND("!",_xlpm._in)-_xlpm._start),"'",""))) | J6: =IF($Q6="","",_xlfn.LET( _xlpm._in,SUBSTITUTE($Q6,"$","§",1), _xlpm._start,FIND("§",_xlpm._in)+1, SUBSTITUTE(MID(_xlpm._in,_xlpm._start,FIND("$",_xlpm._in)-_xlpm._start),"'",""))) | K6: =IF($Q6="","",RIGHT($Q6,LEN($Q6)-FIND("$",SUBSTITUTE($Q6,"$","§",1)))) | L6: {=CreateID($L$2,$I6<>INDEX($I:$I,ROW()-1))} -> 2 | M6: {=IF($Q6="","",INDIRECT($Q6))} | N6: =IF(MOD($H6,2)=0,"D","L") -> L | O6: =IF($A6="",OFFSET($O6,-1,0),$A6) -> QI1
A7: {=IF($Q7="","",_xlfn.LET( _xlpm._fullName,IF($R7="",SUBSTITUTE(SUBSTITUTE(INDIRECT($Q7),CHAR(10)," ")," "," "),$R7), _xlpm._truncatedName,IF(LEN(_xlpm._fullName)>250,LEFT(_xlpm._fullName,250)&"[…]",_xlpm._fullName), HYPERLINK("#'"&$I7&"'!"&$J7&$K7, _xlpm._truncatedName)))} | B7: {=IF($A7="","",SimpleLookup($A7,Questions!$A:$B))} | C7: No | D7: (2) No, only if it is technically impossible to identify a person based on the collected data. Applies if: * sensors measure only environmental data (e.g. temperature, humidity, pressure) * sensors measure only mechanical states (e.g. motor current, vibration) * resolution and sensor design make identification impossible * sensor output is strictly numerical without human-related attributes | E7: {=_xlfn.LET( _xlpm._options,IF($O7="","",SimpleLookup($O7,Questions!$A:$H)), _xlpm._followUpStart,FIND($C7&":",_xlpm._options)+LEN($C7&":"), _xlpm._followUpEnd,FIND(CHAR(10),_xlpm._options&CHAR(10),_xlpm._followUpStart), IF($C7="","",TRIM(MID(_xlpm._options,_xlpm._followUpStart,_xlpm._followUpEnd-_xlpm._followUpStart))))} | H7: {=CreateID($H$2,$A7<>"")} -> 1 | I7: =IF($Q7="","",_xlfn.LET( _xlpm._in,$Q7, _xlpm._start,FIND("]",_xlpm._in)+1, SUBSTITUTE(MID(_xlpm._in,_xlpm._start,FIND("!",_xlpm._in)-_xlpm._start),"'",""))) | J7: =IF($Q7="","",_xlfn.LET( _xlpm._in,SUBSTITUTE($Q7,"$","§",1), _xlpm._start,FIND("§",_xlpm._in)+1, SUBSTITUTE(MID(_xlpm._in,_xlpm._start,FIND("$",_xlpm._in)-_xlpm._start),"'",""))) | K7: =IF($Q7="","",RIGHT($Q7,LEN($Q7)-FIND("$",SUBSTITUTE($Q7,"$","§",1)))) | L7: {=CreateID($L$2,$I7<>INDEX($I:$I,ROW()-1))} -> 2 | M7: {=IF($Q7="","",INDIRECT($Q7))} | N7: =IF(MOD($H7,2)=0,"D","L") -> L | O7: =IF($A7="",OFFSET($O7,-1,0),$A7) -> QI1
A8: {=IF($Q8="","",_xlfn.LET( _xlpm._fullName,IF($R8="",SUBSTITUTE(SUBSTITUTE(INDIRECT($Q8),CHAR(10)," ")," "," "),$R8), _xlpm._truncatedName,IF(LEN(_xlpm._fullName)>250,LEFT(_xlpm._fullName,250)&"[…]",_xlpm._fullName), HYPERLINK("#'"&$I8&"'!"&$J8&$K8, _xlpm._truncatedName)))} -> QI2 | B8: {=IF($A8="","",SimpleLookup($A8,Questions!$A:$B))} -> Does the product process personal data? Examples: address labels | C8: Yes | D8: (1) Yes, if the solution collects, stores, transmits, or processes information relating to an identifiable person, directly or indirectly. Examples: * User accounts can be created or modified * People appear in captured image or sensor data * Processing of licence plates from vehicles * Reading address labels or shipping data * Object-related data that can be linked to a person (e.g. assigned workstations, personalized tools, operator IDs) Also Yes if: * data is transmitted to external systems * logs contain user names or IDs * remote access identifies operators | E8: {=_xlfn.LET( _xlpm._options,IF($O8="","",SimpleLookup($O8,Questions!$A:$H)), _xlpm._followUpStart,FIND($C8&":",_xlpm._options)+LEN($C8&":"), _xlpm._followUpEnd,FIND(CHAR(10),_xlpm._options&CHAR(10),_xlpm._followUpStart), IF($C8="","",TRIM(MID(_xlpm._options,_xlpm._followUpStart,_xlpm._followUpEnd-_xlpm._followUpStart))))} -> What is the criticality of the processed data? | G8: Classify the worst credible impact on the affected person if the data is disclosed or misused. | H8: {=CreateID($H$2,$A8<>"")} -> 2 | I8: =IF($Q8="","",_xlfn.LET( _xlpm._in,$Q8, _xlpm._start,FIND("]",_xlpm._in)+1, SUBSTITUTE(MID(_xlpm._in,_xlpm._start,FIND("!",_xlpm._in)-_xlpm._start),"'",""))) -> Questionnaire | J8: =IF($Q8="","",_xlfn.LET( _xlpm._in,SUBSTITUTE($Q8,"$","§",1), _xlpm._start,FIND("§",_xlpm._in)+1, SUBSTITUTE(MID(_xlpm._in,_xlpm._start,FIND("$",_xlpm._in)-_xlpm._start),"'",""))) -> B | K8: =IF($Q8="","",RIGHT($Q8,LEN($Q8)-FIND("$",SUBSTITUTE($Q8,"$","§",1)))) -> 7 | L8: {=CreateID($L$2,$I8<>INDEX($I:$I,ROW()-1))} -> 3 | M8: {=IF($Q8="","",INDIRECT($Q8))} -> QI2 | N8: =IF(MOD($H8,2)=0,"D","L") -> D | O8: =IF($A8="",OFFSET($O8,-1,0),$A8) -> QI2 | Q8: {=CELL("address",Questionnaire!$B$7)} -> '[QuBA-libre.xlsx]Questionnaire'!$B$7
A9: {=IF($Q9="","",_xlfn.LET( _xlpm._fullName,IF($R9="",SUBSTITUTE(SUBSTITUTE(INDIRECT($Q9),CHAR(10)," ")," "," "),$R9), _xlpm._truncatedName,IF(LEN(_xlpm._fullName)>250,LEFT(_xlpm._fullName,250)&"[…]",_xlpm._fullName), HYPERLINK("#'"&$I9&"'!"&$J9&$K9, _xlpm._truncatedName)))} | B9: {=IF($A9="","",SimpleLookup($A9,Questions!$A:$B))} | E9: {=_xlfn.LET( _xlpm._options,IF($O9="","",SimpleLookup($O9,Questions!$A:$H)), _xlpm._followUpStart,FIND($C9&":",_xlpm._options)+LEN($C9&":"), _xlpm._followUpEnd,FIND(CHAR(10),_xlpm._options&CHAR(10),_xlpm._followUpStart), IF($C9="","",TRIM(MID(_xlpm._options,_xlpm._followUpStart,_xlpm._followUpEnd-_xlpm._followUpStart))))} | F9: =Definitions!$H$5 -> Personal data (significant) | G9: The affected person may experience limited negative effects on social or economic circumstances. Damage level Low Examples: * name without additional context * basic contact data * non-sensitive shipment data * licence plates without tracking history | H9: {=CreateID($H$2,$A9<>"")} -> 2 | I9: =IF($Q9="","",_xlfn.LET( _xlpm._in,$Q9, _xlpm._start,FIND("]",_xlpm._in)+1, SUBSTITUTE(MID(_xlpm._in,_xlpm._start,FIND("!",_xlpm._in)-_xlpm._start),"'",""))) | J9: =IF($Q9="","",_xlfn.LET( _xlpm._in,SUBSTITUTE($Q9,"$","§",1), _xlpm._start,FIND("§",_xlpm._in)+1, SUBSTITUTE(MID(_xlpm._in,_xlpm._start,FIND("$",_xlpm._in)-_xlpm._start),"'",""))) | K9: =IF($Q9="","",RIGHT($Q9,LEN($Q9)-FIND("$",SUBSTITUTE($Q9,"$","§",1)))) | L9: {=CreateID($L$2,$I9<>INDEX($I:$I,ROW()-1))} -> 4 | M9: {=IF($Q9="","",INDIRECT($Q9))} | N9: =IF(MOD($H9,2)=0,"D","L") -> D | O9: =IF($A9="",OFFSET($O9,-1,0),$A9) -> QI2
A10: {=IF($Q10="","",_xlfn.LET( _xlpm._fullName,IF($R10="",SUBSTITUTE(SUBSTITUTE(INDIRECT($Q10),CHAR(10)," ")," "," "),$R10), _xlpm._truncatedName,IF(LEN(_xlpm._fullName)>250,LEFT(_xlpm._fullName,250)&"[…]",_xlpm._fullName), HYPERLINK("#'"&$I10&"'!"&$J10&$K10, _xlpm._truncatedName)))} | B10: {=IF($A10="","",SimpleLookup($A10,Questions!$A:$B))} | E10: {=_xlfn.LET( _xlpm._options,IF($O10="","",SimpleLookup($O10,Questions!$A:$H)), _xlpm._followUpStart,FIND($C10&":",_xlpm._options)+LEN($C10&":"), _xlpm._followUpEnd,FIND(CHAR(10),_xlpm._options&CHAR(10),_xlpm._followUpStart), IF($C10="","",TRIM(MID(_xlpm._options,_xlpm._followUpStart,_xlpm._followUpEnd-_xlpm._followUpStart))))} | F10: =Definitions!$H$6 -> Personal data (ruinous) | G10: The affected person may be significantly impaired in social or economic circumstances. Damage level High Examples: * tracking data * full name, adress and personal data * detailed employment-related data * linked datasets enabling profiling | H10: {=CreateID($H$2,$A10<>"")} -> 2 | I10: =IF($Q10="","",_xlfn.LET( _xlpm._in,$Q10, _xlpm._start,FIND("]",_xlpm._in)+1, SUBSTITUTE(MID(_xlpm._in,_xlpm._start,FIND("!",_xlpm._in)-_xlpm._start),"'",""))) | J10: =IF($Q10="","",_xlfn.LET( _xlpm._in,SUBSTITUTE($Q10,"$","§",1), _xlpm._start,FIND("§",_xlpm._in)+1, SUBSTITUTE(MID(_xlpm._in,_xlpm._start,FIND("$",_xlpm._in)-_xlpm._start),"'",""))) | K10: =IF($Q10="","",RIGHT($Q10,LEN($Q10)-FIND("$",SUBSTITUTE($Q10,"$","§",1)))) | L10: {=CreateID($L$2,$I10<>INDEX($I:$I,ROW()-1))} -> 4 | M10: {=IF($Q10="","",INDIRECT($Q10))} | N10: =IF(MOD($H10,2)=0,"D","L") -> D | O10: =IF($A10="",OFFSET($O10,-1,0),$A10) -> QI2
A11: {=IF($Q11="","",_xlfn.LET( _xlpm._fullName,IF($R11="",SUBSTITUTE(SUBSTITUTE(INDIRECT($Q11),CHAR(10)," ")," "," "),$R11), _xlpm._truncatedName,IF(LEN(_xlpm._fullName)>250,LEFT(_xlpm._fullName,250)&"[…]",_xlpm._fullName), HYPERLINK("#'"&$I11&"'!"&$J11&$K11, _xlpm._truncatedName)))} | B11: {=IF($A11="","",SimpleLookup($A11,Questions!$A:$B))} | E11: {=_xlfn.LET( _xlpm._options,IF($O11="","",SimpleLookup($O11,Questions!$A:$H)), _xlpm._followUpStart,FIND($C11&":",_xlpm._options)+LEN($C11&":"), _xlpm._followUpEnd,FIND(CHAR(10),_xlpm._options&CHAR(10),_xlpm._followUpStart), IF($C11="","",TRIM(MID(_xlpm._options,_xlpm._followUpStart,_xlpm._followUpEnd-_xlpm._followUpStart))))} | F11: =Definitions!$H$7 -> IP (slightly innovative) | G11: The affected person may be severely or irreversibly harmed, or personal freedom may be threatened. Damage level Critical Examples: * biometric identifiers * access credentials * security-related personal data * comprehensive personal profiles * sexual identity * health information | H11: {=CreateID($H$2,$A11<>"")} -> 2 | I11: =IF($Q11="","",_xlfn.LET( _xlpm._in,$Q11, _xlpm._start,FIND("]",_xlpm._in)+1, SUBSTITUTE(MID(_xlpm._in,_xlpm._start,FIND("!",_xlpm._in)-_xlpm._start),"'",""))) | J11: =IF($Q11="","",_xlfn.LET( _xlpm._in,SUBSTITUTE($Q11,"$","§",1), _xlpm._start,FIND("§",_xlpm._in)+1, SUBSTITUTE(MID(_xlpm._in,_xlpm._start,FIND("$",_xlpm._in)-_xlpm._start),"'",""))) | K11: =IF($Q11="","",RIGHT($Q11,LEN($Q11)-FIND("$",SUBSTITUTE($Q11,"$","§",1)))) | L11: {=CreateID($L$2,$I11<>INDEX($I:$I,ROW()-1))} -> 4 | M11: {=IF($Q11="","",INDIRECT($Q11))} | N11: =IF(MOD($H11,2)=0,"D","L") -> D | O11: =IF($A11="",OFFSET($O11,-1,0),$A11) -> QI2
A12: {=IF($Q12="","",_xlfn.LET( _xlpm._fullName,IF($R12="",SUBSTITUTE(SUBSTITUTE(INDIRECT($Q12),CHAR(10)," ")," "," "),$R12), _xlpm._truncatedName,IF(LEN(_xlpm._fullName)>250,LEFT(_xlpm._fullName,250)&"[…]",_xlpm._fullName), HYPERLINK("#'"&$I12&"'!"&$J12&$K12, _xlpm._truncatedName)))} | B12: {=IF($A12="","",SimpleLookup($A12,Questions!$A:$B))} | C12: No | D12: (2) No, if the solution processes only technical or anonymous data, for example: * distances or object dimensions * barcode numbers without personal reference * machine states or diagnostics * anonymous object tracking (2*) Unclear If there is any doubt when selecting No → consult the Data Protection Office. | E12: {=_xlfn.LET( _xlpm._options,IF($O12="","",SimpleLookup($O12,Questions!$A:$H)), _xlpm._followUpStart,FIND($C12&":",_xlpm._options)+LEN($C12&":"), _xlpm._followUpEnd,FIND(CHAR(10),_xlpm._options&CHAR(10),_xlpm._followUpStart), IF($C12="","",TRIM(MID(_xlpm._options,_xlpm._followUpStart,_xlpm._followUpEnd-_xlpm._followUpStart))))} | H12: {=CreateID($H$2,$A12<>"")} -> 2 | I12: =IF($Q12="","",_xlfn.LET( _xlpm._in,$Q12, _xlpm._start,FIND("]",_xlpm._in)+1, SUBSTITUTE(MID(_xlpm._in,_xlpm._start,FIND("!",_xlpm._in)-_xlpm._start),"'",""))) | J12: =IF($Q12="","",_xlfn.LET( _xlpm._in,SUBSTITUTE($Q12,"$","§",1), _xlpm._start,FIND("§",_xlpm._in)+1, SUBSTITUTE(MID(_xlpm._in,_xlpm._start,FIND("$",_xlpm._in)-_xlpm._start),"'",""))) | K12: =IF($Q12="","",RIGHT($Q12,LEN($Q12)-FIND("$",SUBSTITUTE($Q12,"$","§",1)))) | L12: {=CreateID($L$2,$I12<>INDEX($I:$I,ROW()-1))} -> 4 | M12: {=IF($Q12="","",INDIRECT($Q12))} | N12: =IF(MOD($H12,2)=0,"D","L") -> D | O12: =IF($A12="",OFFSET($O12,-1,0),$A12) -> QI2
A13: {=IF($Q13="","",_xlfn.LET( _xlpm._fullName,IF($R13="",SUBSTITUTE(SUBSTITUTE(INDIRECT($Q13),CHAR(10)," ")," "," "),$R13), _xlpm._truncatedName,IF(LEN(_xlpm._fullName)>250,LEFT(_xlpm._fullName,250)&"[…]",_xlpm._fullName), HYPERLINK("#'"&$I13&"'!"&$J13&$K13, _xlpm._truncatedName)))} -> QI3 | B13: {=IF($A13="","",SimpleLookup($A13,Questions!$A:$B))} -> Does the product contain << OEM Name >> or customer intellectual property? Note: Only IP which is part of / accessible by the firmware / software in the product is in scope of this question. Gaining access to optical and mechanical IP are not covered by this question (and the cybersecurity risk analysis) | C13: Yes | D13: (1) Yes, if the solution contains non-public software or firmware intellectual property. | E13: {=_xlfn.LET( _xlpm._options,IF($O13="","",SimpleLookup($O13,Questions!$A:$H)), _xlpm._followUpStart,FIND($C13&":",_xlpm._options)+LEN($C13&":"), _xlpm._followUpEnd,FIND(CHAR(10),_xlpm._options&CHAR(10),_xlpm._followUpStart), IF($C13="","",TRIM(MID(_xlpm._options,_xlpm._followUpStart,_xlpm._followUpEnd-_xlpm._followUpStart))))} -> What is the criticality of the intellectual property? | F13: =Definitions!$H$8 -> IP (moderately innovative) | G13: Loss of the general idea how solution works or low impact on markets (little innovation / very small market) | H13: {=CreateID($H$2,$A13<>"")} -> 3 | I13: =IF($Q13="","",_xlfn.LET( _xlpm._in,$Q13, _xlpm._start,FIND("]",_xlpm._in)+1, SUBSTITUTE(MID(_xlpm._in,_xlpm._start,FIND("!",_xlpm._in)-_xlpm._start),"'",""))) -> Questionnaire | J13: =IF($Q13="","",_xlfn.LET( _xlpm._in,SUBSTITUTE($Q13,"$","§",1), _xlpm._start,FIND("§",_xlpm._in)+1, SUBSTITUTE(MID(_xlpm._in,_xlpm._start,FIND("$",_xlpm._in)-_xlpm._start),"'",""))) -> B | K13: =IF($Q13="","",RIGHT($Q13,LEN($Q13)-FIND("$",SUBSTITUTE($Q13,"$","§",1)))) -> 9 | L13: {=CreateID($L$2,$I13<>INDEX($I:$I,ROW()-1))} -> 5 | M13: {=IF($Q13="","",INDIRECT($Q13))} -> QI3 | N13: =IF(MOD($H13,2)=0,"D","L") -> L | O13: =IF($A13="",OFFSET($O13,-1,0),$A13) -> QI3 | Q13: {=CELL("address",Questionnaire!$B$9)} -> '[QuBA-libre.xlsx]Questionnaire'!$B$9
A14: {=IF($Q14="","",_xlfn.LET( _xlpm._fullName,IF($R14="",SUBSTITUTE(SUBSTITUTE(INDIRECT($Q14),CHAR(10)," ")," "," "),$R14), _xlpm._truncatedName,IF(LEN(_xlpm._fullName)>250,LEFT(_xlpm._fullName,250)&"[…]",_xlpm._fullName), HYPERLINK("#'"&$I14&"'!"&$J14&$K14, _xlpm._truncatedName)))} | B14: {=IF($A14="","",SimpleLookup($A14,Questions!$A:$B))} | E14: {=_xlfn.LET( _xlpm._options,IF($O14="","",SimpleLookup($O14,Questions!$A:$H)), _xlpm._followUpStart,FIND($C14&":",_xlpm._options)+LEN($C14&":"), _xlpm._followUpEnd,FIND(CHAR(10),_xlpm._options&CHAR(10),_xlpm._followUpStart), IF($C14="","",TRIM(MID(_xlpm._options,_xlpm._followUpStart,_xlpm._followUpEnd-_xlpm._followUpStart))))} | F14: =Definitions!$H$9 -> IP (highly innovative) | G14: Relevant aspects of system is comprehensible or moderate impact on markets (some innovation in the solution / medium size market) | H14: {=CreateID($H$2,$A14<>"")} -> 3 | I14: =IF($Q14="","",_xlfn.LET( _xlpm._in,$Q14, _xlpm._start,FIND("]",_xlpm._in)+1, SUBSTITUTE(MID(_xlpm._in,_xlpm._start,FIND("!",_xlpm._in)-_xlpm._start),"'",""))) | J14: =IF($Q14="","",_xlfn.LET( _xlpm._in,SUBSTITUTE($Q14,"$","§",1), _xlpm._start,FIND("§",_xlpm._in)+1, SUBSTITUTE(MID(_xlpm._in,_xlpm._start,FIND("$",_xlpm._in)-_xlpm._start),"'",""))) | K14: =IF($Q14="","",RIGHT($Q14,LEN($Q14)-FIND("$",SUBSTITUTE($Q14,"$","§",1)))) | L14: {=CreateID($L$2,$I14<>INDEX($I:$I,ROW()-1))} -> 6 | M14: {=IF($Q14="","",INDIRECT($Q14))} | N14: =IF(MOD($H14,2)=0,"D","L") -> L | O14: =IF($A14="",OFFSET($O14,-1,0),$A14) -> QI3
A15: {=IF($Q15="","",_xlfn.LET( _xlpm._fullName,IF($R15="",SUBSTITUTE(SUBSTITUTE(INDIRECT($Q15),CHAR(10)," ")," "," "),$R15), _xlpm._truncatedName,IF(LEN(_xlpm._fullName)>250,LEFT(_xlpm._fullName,250)&"[…]",_xlpm._fullName), HYPERLINK("#'"&$I15&"'!"&$J15&$K15, _xlpm._truncatedName)))} | B15: {=IF($A15="","",SimpleLookup($A15,Questions!$A:$B))} | E15: {=_xlfn.LET( _xlpm._options,IF($O15="","",SimpleLookup($O15,Questions!$A:$H)), _xlpm._followUpStart,FIND($C15&":",_xlpm._options)+LEN($C15&":"), _xlpm._followUpEnd,FIND(CHAR(10),_xlpm._options&CHAR(10),_xlpm._followUpStart), IF($C15="","",TRIM(MID(_xlpm._options,_xlpm._followUpStart,_xlpm._followUpEnd-_xlpm._followUpStart))))} | F15: =Definitions!$H$10 -> Low financial damage | G15: Can be copied / technology available or high impact on markets (highly innovative solution / high-volume market) | H15: {=CreateID($H$2,$A15<>"")} -> 3 | I15: =IF($Q15="","",_xlfn.LET( _xlpm._in,$Q15, _xlpm._start,FIND("]",_xlpm._in)+1, SUBSTITUTE(MID(_xlpm._in,_xlpm._start,FIND("!",_xlpm._in)-_xlpm._start),"'",""))) | J15: =IF($Q15="","",_xlfn.LET( _xlpm._in,SUBSTITUTE($Q15,"$","§",1), _xlpm._start,FIND("§",_xlpm._in)+1, SUBSTITUTE(MID(_xlpm._in,_xlpm._start,FIND("$",_xlpm._in)-_xlpm._start),"'",""))) | K15: =IF($Q15="","",RIGHT($Q15,LEN($Q15)-FIND("$",SUBSTITUTE($Q15,"$","§",1)))) | L15: {=CreateID($L$2,$I15<>INDEX($I:$I,ROW()-1))} -> 6 | M15: {=IF($Q15="","",INDIRECT($Q15))} | N15: =IF(MOD($H15,2)=0,"D","L") -> L | O15: =IF($A15="",OFFSET($O15,-1,0),$A15) -> QI3
A16: {=IF($Q16="","",_xlfn.LET( _xlpm._fullName,IF($R16="",SUBSTITUTE(SUBSTITUTE(INDIRECT($Q16),CHAR(10)," ")," "," "),$R16), _xlpm._truncatedName,IF(LEN(_xlpm._fullName)>250,LEFT(_xlpm._fullName,250)&"[…]",_xlpm._fullName), HYPERLINK("#'"&$I16&"'!"&$J16&$K16, _xlpm._truncatedName)))} | B16: {=IF($A16="","",SimpleLookup($A16,Questions!$A:$B))} | C16: No | D16: (2) No, if the solution contains only public or standard software components | E16: {=_xlfn.LET( _xlpm._options,IF($O16="","",SimpleLookup($O16,Questions!$A:$H)), _xlpm._followUpStart,FIND($C16&":",_xlpm._options)+LEN($C16&":"), _xlpm._followUpEnd,FIND(CHAR(10),_xlpm._options&CHAR(10),_xlpm._followUpStart), IF($C16="","",TRIM(MID(_xlpm._options,_xlpm._followUpStart,_xlpm._followUpEnd-_xlpm._followUpStart))))} | H16: {=CreateID($H$2,$A16<>"")} -> 3 | I16: =IF($Q16="","",_xlfn.LET( _xlpm._in,$Q16, _xlpm._start,FIND("]",_xlpm._in)+1, SUBSTITUTE(MID(_xlpm._in,_xlpm._start,FIND("!",_xlpm._in)-_xlpm._start),"'",""))) | J16: =IF($Q16="","",_xlfn.LET( _xlpm._in,SUBSTITUTE($Q16,"$","§",1), _xlpm._start,FIND("§",_xlpm._in)+1, SUBSTITUTE(MID(_xlpm._in,_xlpm._start,FIND("$",_xlpm._in)-_xlpm._start),"'",""))) | K16: =IF($Q16="","",RIGHT($Q16,LEN($Q16)-FIND("$",SUBSTITUTE($Q16,"$","§",1)))) | L16: {=CreateID($L$2,$I16<>INDEX($I:$I,ROW()-1))} -> 6 | M16: {=IF($Q16="","",INDIRECT($Q16))} | N16: =IF(MOD($H16,2)=0,"D","L") -> L | O16: =IF($A16="",OFFSET($O16,-1,0),$A16) -> QI3
A17: {=IF($Q17="","",_xlfn.LET( _xlpm._fullName,IF($R17="",SUBSTITUTE(SUBSTITUTE(INDIRECT($Q17),CHAR(10)," ")," "," "),$R17), _xlpm._truncatedName,IF(LEN(_xlpm._fullName)>250,LEFT(_xlpm._fullName,250)&"[…]",_xlpm._fullName), HYPERLINK("#'"&$I17&"'!"&$J17&$K17, _xlpm._truncatedName)))} -> QI4 | B17: {=IF($A17="","",SimpleLookup($A17,Questions!$A:$B))} -> Is << OEM Name >> (typically) obliged to keep the processed / stored data (including third-party IP) confidential by contract or law? (Note that this concerns individual obligations, not the standard product warranty). | C17: Yes | D17: (1) Yes, if it is reasonable that customer may require such an obligation (1*)The PM should be able to answer this question. | E17: {=_xlfn.LET( _xlpm._options,IF($O17="","",SimpleLookup($O17,Questions!$A:$H)), _xlpm._followUpStart,FIND($C17&":",_xlpm._options)+LEN($C17&":"), _xlpm._followUpEnd,FIND(CHAR(10),_xlpm._options&CHAR(10),_xlpm._followUpStart), IF($C17="","",TRIM(MID(_xlpm._options,_xlpm._followUpStart,_xlpm._followUpEnd-_xlpm._followUpStart))))} -> What is the typical / expected value of direct loss, fines for infringements of laws, or violations of contracts? | G17: ="Classify the potential direct financial damage to "&Definitions!$C$4&" caused by an incident" -> Classify the potential direct financial damage to << OEM Name >> caused by an incident | H17: {=CreateID($H$2,$A17<>"")} -> 4 | I17: =IF($Q17="","",_xlfn.LET( _xlpm._in,$Q17, _xlpm._start,FIND("]",_xlpm._in)+1, SUBSTITUTE(MID(_xlpm._in,_xlpm._start,FIND("!",_xlpm._in)-_xlpm._start),"'",""))) -> Questionnaire | J17: =IF($Q17="","",_xlfn.LET( _xlpm._in,SUBSTITUTE($Q17,"$","§",1), _xlpm._start,FIND("§",_xlpm._in)+1, SUBSTITUTE(MID(_xlpm._in,_xlpm._start,FIND("$",_xlpm._in)-_xlpm._start),"'",""))) -> B | K17: =IF($Q17="","",RIGHT($Q17,LEN($Q17)-FIND("$",SUBSTITUTE($Q17,"$","§",1)))) -> 11 | L17: {=CreateID($L$2,$I17<>INDEX($I:$I,ROW()-1))} -> 7 | M17: {=IF($Q17="","",INDIRECT($Q17))} -> QI4 | N17: =IF(MOD($H17,2)=0,"D","L") -> D | O17: =IF($A17="",OFFSET($O17,-1,0),$A17) -> QI4 | Q17: {=CELL("address",Questionnaire!$B$11)} -> '[QuBA-libre.xlsx]Questionnaire'!$B$11
A18: {=IF($Q18="","",_xlfn.LET( _xlpm._fullName,IF($R18="",SUBSTITUTE(SUBSTITUTE(INDIRECT($Q18),CHAR(10)," ")," "," "),$R18), _xlpm._truncatedName,IF(LEN(_xlpm._fullName)>250,LEFT(_xlpm._fullName,250)&"[…]",_xlpm._fullName), HYPERLINK("#'"&$I18&"'!"&$J18&$K18, _xlpm._truncatedName)))} | B18: {=IF($A18="","",SimpleLookup($A18,Questions!$A:$B))} | E18: {=_xlfn.LET( _xlpm._options,IF($O18="","",SimpleLookup($O18,Questions!$A:$H)), _xlpm._followUpStart,FIND($C18&":",_xlpm._options)+LEN($C18&":"), _xlpm._followUpEnd,FIND(CHAR(10),_xlpm._options&CHAR(10),_xlpm._followUpStart), IF($C18="","",TRIM(MID(_xlpm._options,_xlpm._followUpStart,_xlpm._followUpEnd-_xlpm._followUpStart))))} | F18: =Definitions!$H$11 -> Medium financial damage | G18: Direct loss, fines for infringements of laws, or violations of contracts below 200,000 EUR Damage level Low | H18: {=CreateID($H$2,$A18<>"")} -> 4 | I18: =IF($Q18="","",_xlfn.LET( _xlpm._in,$Q18, _xlpm._start,FIND("]",_xlpm._in)+1, SUBSTITUTE(MID(_xlpm._in,_xlpm._start,FIND("!",_xlpm._in)-_xlpm._start),"'",""))) | J18: =IF($Q18="","",_xlfn.LET( _xlpm._in,SUBSTITUTE($Q18,"$","§",1), _xlpm._start,FIND("§",_xlpm._in)+1, SUBSTITUTE(MID(_xlpm._in,_xlpm._start,FIND("$",_xlpm._in)-_xlpm._start),"'",""))) | K18: =IF($Q18="","",RIGHT($Q18,LEN($Q18)-FIND("$",SUBSTITUTE($Q18,"$","§",1)))) | L18: {=CreateID($L$2,$I18<>INDEX($I:$I,ROW()-1))} -> 8 | M18: {=IF($Q18="","",INDIRECT($Q18))} | N18: =IF(MOD($H18,2)=0,"D","L") -> D | O18: =IF($A18="",OFFSET($O18,-1,0),$A18) -> QI4
A19: {=IF($Q19="","",_xlfn.LET( _xlpm._fullName,IF($R19="",SUBSTITUTE(SUBSTITUTE(INDIRECT($Q19),CHAR(10)," ")," "," "),$R19), _xlpm._truncatedName,IF(LEN(_xlpm._fullName)>250,LEFT(_xlpm._fullName,250)&"[…]",_xlpm._fullName), HYPERLINK("#'"&$I19&"'!"&$J19&$K19, _xlpm._truncatedName)))} | B19: {=IF($A19="","",SimpleLookup($A19,Questions!$A:$B))} | E19: {=_xlfn.LET( _xlpm._options,IF($O19="","",SimpleLookup($O19,Questions!$A:$H)), _xlpm._followUpStart,FIND($C19&":",_xlpm._options)+LEN($C19&":"), _xlpm._followUpEnd,FIND(CHAR(10),_xlpm._options&CHAR(10),_xlpm._followUpStart), IF($C19="","",TRIM(MID(_xlpm._options,_xlpm._followUpStart,_xlpm._followUpEnd-_xlpm._followUpStart))))} | F19: =Definitions!$H$12 -> High financial damage | G19: Direct loss, fines for infringements of laws, or violations of contracts between 200,000 EUR and 2 million EUR Damage level Medium | H19: {=CreateID($H$2,$A19<>"")} -> 4 | I19: =IF($Q19="","",_xlfn.LET( _xlpm._in,$Q19, _xlpm._start,FIND("]",_xlpm._in)+1, SUBSTITUTE(MID(_xlpm._in,_xlpm._start,FIND("!",_xlpm._in)-_xlpm._start),"'",""))) | J19: =IF($Q19="","",_xlfn.LET( _xlpm._in,SUBSTITUTE($Q19,"$","§",1), _xlpm._start,FIND("§",_xlpm._in)+1, SUBSTITUTE(MID(_xlpm._in,_xlpm._start,FIND("$",_xlpm._in)-_xlpm._start),"'",""))) | K19: =IF($Q19="","",RIGHT($Q19,LEN($Q19)-FIND("$",SUBSTITUTE($Q19,"$","§",1)))) | L19: {=CreateID($L$2,$I19<>INDEX($I:$I,ROW()-1))} -> 8 | M19: {=IF($Q19="","",INDIRECT($Q19))} | N19: =IF(MOD($H19,2)=0,"D","L") -> D | O19: =IF($A19="",OFFSET($O19,-1,0),$A19) -> QI4
A20: {=IF($Q20="","",_xlfn.LET( _xlpm._fullName,IF($R20="",SUBSTITUTE(SUBSTITUTE(INDIRECT($Q20),CHAR(10)," ")," "," "),$R20), _xlpm._truncatedName,IF(LEN(_xlpm._fullName)>250,LEFT(_xlpm._fullName,250)&"[…]",_xlpm._fullName), HYPERLINK("#'"&$I20&"'!"&$J20&$K20, _xlpm._truncatedName)))} | B20: {=IF($A20="","",SimpleLookup($A20,Questions!$A:$B))} | E20: {=_xlfn.LET( _xlpm._options,IF($O20="","",SimpleLookup($O20,Questions!$A:$H)), _xlpm._followUpStart,FIND($C20&":",_xlpm._options)+LEN($C20&":"), _xlpm._followUpEnd,FIND(CHAR(10),_xlpm._options&CHAR(10),_xlpm._followUpStart), IF($C20="","",TRIM(MID(_xlpm._options,_xlpm._followUpStart,_xlpm._followUpEnd-_xlpm._followUpStart))))} | F20: =Definitions!$H$13 -> Critical financial damage | G20: Direct loss, fines for infringements of laws, or violations of contracts between 2 million EUR and 20 million EUR Damage level High | H20: {=CreateID($H$2,$A20<>"")} -> 4 | I20: =IF($Q20="","",_xlfn.LET( _xlpm._in,$Q20, _xlpm._start,FIND("]",_xlpm._in)+1, SUBSTITUTE(MID(_xlpm._in,_xlpm._start,FIND("!",_xlpm._in)-_xlpm._start),"'",""))) | J20: =IF($Q20="","",_xlfn.LET( _xlpm._in,SUBSTITUTE($Q20,"$","§",1), _xlpm._start,FIND("§",_xlpm._in)+1, SUBSTITUTE(MID(_xlpm._in,_xlpm._start,FIND("$",_xlpm._in)-_xlpm._start),"'",""))) | K20: =IF($Q20="","",RIGHT($Q20,LEN($Q20)-FIND("$",SUBSTITUTE($Q20,"$","§",1)))) | L20: {=CreateID($L$2,$I20<>INDEX($I:$I,ROW()-1))} -> 8 | M20: {=IF($Q20="","",INDIRECT($Q20))} | N20: =IF(MOD($H20,2)=0,"D","L") -> D | O20: =IF($A20="",OFFSET($O20,-1,0),$A20) -> QI4
A21: {=IF($Q21="","",_xlfn.LET( _xlpm._fullName,IF($R21="",SUBSTITUTE(SUBSTITUTE(INDIRECT($Q21),CHAR(10)," ")," "," "),$R21), _xlpm._truncatedName,IF(LEN(_xlpm._fullName)>250,LEFT(_xlpm._fullName,250)&"[…]",_xlpm._fullName), HYPERLINK("#'"&$I21&"'!"&$J21&$K21, _xlpm._truncatedName)))} | B21: {=IF($A21="","",SimpleLookup($A21,Questions!$A:$B))} | E21: {=_xlfn.LET( _xlpm._options,IF($O21="","",SimpleLookup($O21,Questions!$A:$H)), _xlpm._followUpStart,FIND($C21&":",_xlpm._options)+LEN($C21&":"), _xlpm._followUpEnd,FIND(CHAR(10),_xlpm._options&CHAR(10),_xlpm._followUpStart), IF($C21="","",TRIM(MID(_xlpm._options,_xlpm._followUpStart,_xlpm._followUpEnd-_xlpm._followUpStart))))} | F21: =Definitions!$H$14 -> Potentially dangerous situation | G21: Direct loss, fines for infringements of laws, or violations of contracts above 20 million EUR, or consequences threatening the company's existence or employees. Damage level Critical | H21: {=CreateID($H$2,$A21<>"")} -> 4 | I21: =IF($Q21="","",_xlfn.LET( _xlpm._in,$Q21, _xlpm._start,FIND("]",_xlpm._in)+1, SUBSTITUTE(MID(_xlpm._in,_xlpm._start,FIND("!",_xlpm._in)-_xlpm._start),"'",""))) | J21: =IF($Q21="","",_xlfn.LET( _xlpm._in,SUBSTITUTE($Q21,"$","§",1), _xlpm._start,FIND("§",_xlpm._in)+1, SUBSTITUTE(MID(_xlpm._in,_xlpm._start,FIND("$",_xlpm._in)-_xlpm._start),"'",""))) | K21: =IF($Q21="","",RIGHT($Q21,LEN($Q21)-FIND("$",SUBSTITUTE($Q21,"$","§",1)))) | L21: {=CreateID($L$2,$I21<>INDEX($I:$I,ROW()-1))} -> 8 | M21: {=IF($Q21="","",INDIRECT($Q21))} | N21: =IF(MOD($H21,2)=0,"D","L") -> D | O21: =IF($A21="",OFFSET($O21,-1,0),$A21) -> QI4
A22: {=IF($Q22="","",_xlfn.LET( _xlpm._fullName,IF($R22="",SUBSTITUTE(SUBSTITUTE(INDIRECT($Q22),CHAR(10)," ")," "," "),$R22), _xlpm._truncatedName,IF(LEN(_xlpm._fullName)>250,LEFT(_xlpm._fullName,250)&"[…]",_xlpm._fullName), HYPERLINK("#'"&$I22&"'!"&$J22&$K22, _xlpm._truncatedName)))} | B22: {=IF($A22="","",SimpleLookup($A22,Questions!$A:$B))} | C22: No | D22: (2) No, in any other case. | E22: {=_xlfn.LET( _xlpm._options,IF($O22="","",SimpleLookup($O22,Questions!$A:$H)), _xlpm._followUpStart,FIND($C22&":",_xlpm._options)+LEN($C22&":"), _xlpm._followUpEnd,FIND(CHAR(10),_xlpm._options&CHAR(10),_xlpm._followUpStart), IF($C22="","",TRIM(MID(_xlpm._options,_xlpm._followUpStart,_xlpm._followUpEnd-_xlpm._followUpStart))))} | H22: {=CreateID($H$2,$A22<>"")} -> 4 | I22: =IF($Q22="","",_xlfn.LET( _xlpm._in,$Q22, _xlpm._start,FIND("]",_xlpm._in)+1, SUBSTITUTE(MID(_xlpm._in,_xlpm._start,FIND("!",_xlpm._in)-_xlpm._start),"'",""))) | J22: =IF($Q22="","",_xlfn.LET( _xlpm._in,SUBSTITUTE($Q22,"$","§",1), _xlpm._start,FIND("§",_xlpm._in)+1, SUBSTITUTE(MID(_xlpm._in,_xlpm._start,FIND("$",_xlpm._in)-_xlpm._start),"'",""))) | K22: =IF($Q22="","",RIGHT($Q22,LEN($Q22)-FIND("$",SUBSTITUTE($Q22,"$","§",1)))) | L22: {=CreateID($L$2,$I22<>INDEX($I:$I,ROW()-1))} -> 8 | M22: {=IF($Q22="","",INDIRECT($Q22))} | N22: =IF(MOD($H22,2)=0,"D","L") -> D | O22: =IF($A22="",OFFSET($O22,-1,0),$A22) -> QI4
A23: {=IF($Q23="","",_xlfn.LET( _xlpm._fullName,IF($R23="",SUBSTITUTE(SUBSTITUTE(INDIRECT($Q23),CHAR(10)," ")," "," "),$R23), _xlpm._truncatedName,IF(LEN(_xlpm._fullName)>250,LEFT(_xlpm._fullName,250)&"[…]",_xlpm._fullName), HYPERLINK("#'"&$I23&"'!"&$J23&$K23, _xlpm._truncatedName)))} -> QI5 | B23: {=IF($A23="","",SimpleLookup($A23,Questions!$A:$B))} -> Does the product contain credentials / cryptographic keys that allow access to sensitive data or to systems in the product's operational environment? (Note: this includes cryptographic data introduced by the customer.) | C23: Yes | D23: (1a) Yes, if credentials are or may be present at runtime that allow access to external systems or external data, for example: * access to PLCs * access to factory networks or databases * access to cloud services * shared service accounts * API keys for external services * network authentication credentials Applies even if: * credentials are customer-configured * credentials are stored temporarily * credentials are encrypted on the device 1b) Yes, if credentials fall under (2*) but are valid beyond a single device, for example: * generic credentials deployed across a fleet of devices * factory-wide authentication keys * service credentials reused on multiple products * certificates or keys not bound to a single device instance | E23: {=_xlfn.LET( _xlpm._options,IF($O23="","",SimpleLookup($O23,Questions!$A:$H)), _xlpm._followUpStart,FIND($C23&":",_xlpm._options)+LEN($C23&":"), _xlpm._followUpEnd,FIND(CHAR(10),_xlpm._options&CHAR(10),_xlpm._followUpStart), IF($C23="","",TRIM(MID(_xlpm._options,_xlpm._followUpStart,_xlpm._followUpEnd-_xlpm._followUpStart))))} -> What is the worst-case criticality of the data that can be accessed with these credentials / cryptographic keys? | G23: Classify the worst credible impact | H23: {=CreateID($H$2,$A23<>"")} -> 5 | I23: =IF($Q23="","",_xlfn.LET( _xlpm._in,$Q23, _xlpm._start,FIND("]",_xlpm._in)+1, SUBSTITUTE(MID(_xlpm._in,_xlpm._start,FIND("!",_xlpm._in)-_xlpm._start),"'",""))) -> Questionnaire | J23: =IF($Q23="","",_xlfn.LET( _xlpm._in,SUBSTITUTE($Q23,"$","§",1), _xlpm._start,FIND("§",_xlpm._in)+1, SUBSTITUTE(MID(_xlpm._in,_xlpm._start,FIND("$",_xlpm._in)-_xlpm._start),"'",""))) -> B | K23: =IF($Q23="","",RIGHT($Q23,LEN($Q23)-FIND("$",SUBSTITUTE($Q23,"$","§",1)))) -> 12 | L23: {=CreateID($L$2,$I23<>INDEX($I:$I,ROW()-1))} -> 9 | M23: {=IF($Q23="","",INDIRECT($Q23))} -> QI5 | N23: =IF(MOD($H23,2)=0,"D","L") -> L | O23: =IF($A23="",OFFSET($O23,-1,0),$A23) -> QI5 | Q23: {=CELL("address",Questionnaire!$B$12)} -> '[QuBA-libre.xlsx]Questionnaire'!$B$12
A24: {=IF($Q24="","",_xlfn.LET( _xlpm._fullName,IF($R24="",SUBSTITUTE(SUBSTITUTE(INDIRECT($Q24),CHAR(10)," ")," "," "),$R24), _xlpm._truncatedName,IF(LEN(_xlpm._fullName)>250,LEFT(_xlpm._fullName,250)&"[…]",_xlpm._fullName), HYPERLINK("#'"&$I24&"'!"&$J24&$K24, _xlpm._truncatedName)))} | B24: {=IF($A24="","",SimpleLookup($A24,Questions!$A:$B))} | E24: {=_xlfn.LET( _xlpm._options,IF($O24="","",SimpleLookup($O24,Questions!$A:$H)), _xlpm._followUpStart,FIND($C24&":",_xlpm._options)+LEN($C24&":"), _xlpm._followUpEnd,FIND(CHAR(10),_xlpm._options&CHAR(10),_xlpm._followUpStart), IF($C24="","",TRIM(MID(_xlpm._options,_xlpm._followUpStart,_xlpm._followUpEnd-_xlpm._followUpStart))))} | F24: =Definitions!$H$8 -> IP (moderately innovative) | G24: Loss of the general idea how solution works or low impact on markets (little innovation / very small market) | H24: {=CreateID($H$2,$A24<>"")} -> 5 | I24: =IF($Q24="","",_xlfn.LET( _xlpm._in,$Q24, _xlpm._start,FIND("]",_xlpm._in)+1, SUBSTITUTE(MID(_xlpm._in,_xlpm._start,FIND("!",_xlpm._in)-_xlpm._start),"'",""))) | J24: =IF($Q24="","",_xlfn.LET( _xlpm._in,SUBSTITUTE($Q24,"$","§",1), _xlpm._start,FIND("§",_xlpm._in)+1, SUBSTITUTE(MID(_xlpm._in,_xlpm._start,FIND("$",_xlpm._in)-_xlpm._start),"'",""))) | K24: =IF($Q24="","",RIGHT($Q24,LEN($Q24)-FIND("$",SUBSTITUTE($Q24,"$","§",1)))) | L24: {=CreateID($L$2,$I24<>INDEX($I:$I,ROW()-1))} -> 10 | M24: {=IF($Q24="","",INDIRECT($Q24))} | N24: =IF(MOD($H24,2)=0,"D","L") -> L | O24: =IF($A24="",OFFSET($O24,-1,0),$A24) -> QI5
A25: {=IF($Q25="","",_xlfn.LET( _xlpm._fullName,IF($R25="",SUBSTITUTE(SUBSTITUTE(INDIRECT($Q25),CHAR(10)," ")," "," "),$R25), _xlpm._truncatedName,IF(LEN(_xlpm._fullName)>250,LEFT(_xlpm._fullName,250)&"[…]",_xlpm._fullName), HYPERLINK("#'"&$I25&"'!"&$J25&$K25, _xlpm._truncatedName)))} | B25: {=IF($A25="","",SimpleLookup($A25,Questions!$A:$B))} | E25: {=_xlfn.LET( _xlpm._options,IF($O25="","",SimpleLookup($O25,Questions!$A:$H)), _xlpm._followUpStart,FIND($C25&":",_xlpm._options)+LEN($C25&":"), _xlpm._followUpEnd,FIND(CHAR(10),_xlpm._options&CHAR(10),_xlpm._followUpStart), IF($C25="","",TRIM(MID(_xlpm._options,_xlpm._followUpStart,_xlpm._followUpEnd-_xlpm._followUpStart))))} | F25: =Definitions!$H$9 -> IP (highly innovative) | G25: Relevant aspects of system is comprehensible or moderate impact on markets (some innovation in the solution / medium size market) | H25: {=CreateID($H$2,$A25<>"")} -> 5 | I25: =IF($Q25="","",_xlfn.LET( _xlpm._in,$Q25, _xlpm._start,FIND("]",_xlpm._in)+1, SUBSTITUTE(MID(_xlpm._in,_xlpm._start,FIND("!",_xlpm._in)-_xlpm._start),"'",""))) | J25: =IF($Q25="","",_xlfn.LET( _xlpm._in,SUBSTITUTE($Q25,"$","§",1), _xlpm._start,FIND("§",_xlpm._in)+1, SUBSTITUTE(MID(_xlpm._in,_xlpm._start,FIND("$",_xlpm._in)-_xlpm._start),"'",""))) | K25: =IF($Q25="","",RIGHT($Q25,LEN($Q25)-FIND("$",SUBSTITUTE($Q25,"$","§",1)))) | L25: {=CreateID($L$2,$I25<>INDEX($I:$I,ROW()-1))} -> 10 | M25: {=IF($Q25="","",INDIRECT($Q25))} | N25: =IF(MOD($H25,2)=0,"D","L") -> L | O25: =IF($A25="",OFFSET($O25,-1,0),$A25) -> QI5
A26: {=IF($Q26="","",_xlfn.LET( _xlpm._fullName,IF($R26="",SUBSTITUTE(SUBSTITUTE(INDIRECT($Q26),CHAR(10)," ")," "," "),$R26), _xlpm._truncatedName,IF(LEN(_xlpm._fullName)>250,LEFT(_xlpm._fullName,250)&"[…]",_xlpm._fullName), HYPERLINK("#'"&$I26&"'!"&$J26&$K26, _xlpm._truncatedName)))} | B26: {=IF($A26="","",SimpleLookup($A26,Questions!$A:$B))} | E26: {=_xlfn.LET( _xlpm._options,IF($O26="","",SimpleLookup($O26,Questions!$A:$H)), _xlpm._followUpStart,FIND($C26&":",_xlpm._options)+LEN($C26&":"), _xlpm._followUpEnd,FIND(CHAR(10),_xlpm._options&CHAR(10),_xlpm._followUpStart), IF($C26="","",TRIM(MID(_xlpm._options,_xlpm._followUpStart,_xlpm._followUpEnd-_xlpm._followUpStart))))} | F26: =Definitions!$H$10 -> Low financial damage | G26: Can be copied / technology available or high impact on markets (highly innovative solution / high-volume market) | H26: {=CreateID($H$2,$A26<>"")} -> 5 | I26: =IF($Q26="","",_xlfn.LET( _xlpm._in,$Q26, _xlpm._start,FIND("]",_xlpm._in)+1, SUBSTITUTE(MID(_xlpm._in,_xlpm._start,FIND("!",_xlpm._in)-_xlpm._start),"'",""))) | J26: =IF($Q26="","",_xlfn.LET( _xlpm._in,SUBSTITUTE($Q26,"$","§",1), _xlpm._start,FIND("§",_xlpm._in)+1, SUBSTITUTE(MID(_xlpm._in,_xlpm._start,FIND("$",_xlpm._in)-_xlpm._start),"'",""))) | K26: =IF($Q26="","",RIGHT($Q26,LEN($Q26)-FIND("$",SUBSTITUTE($Q26,"$","§",1)))) | L26: {=CreateID($L$2,$I26<>INDEX($I:$I,ROW()-1))} -> 10 | M26: {=IF($Q26="","",INDIRECT($Q26))} | N26: =IF(MOD($H26,2)=0,"D","L") -> L | O26: =IF($A26="",OFFSET($O26,-1,0),$A26) -> QI5
A27: {=IF($Q27="","",_xlfn.LET( _xlpm._fullName,IF($R27="",SUBSTITUTE(SUBSTITUTE(INDIRECT($Q27),CHAR(10)," ")," "," "),$R27), _xlpm._truncatedName,IF(LEN(_xlpm._fullName)>250,LEFT(_xlpm._fullName,250)&"[…]",_xlpm._fullName), HYPERLINK("#'"&$I27&"'!"&$J27&$K27, _xlpm._truncatedName)))} | B27: {=IF($A27="","",SimpleLookup($A27,Questions!$A:$B))} | E27: {=_xlfn.LET( _xlpm._options,IF($O27="","",SimpleLookup($O27,Questions!$A:$H)), _xlpm._followUpStart,FIND($C27&":",_xlpm._options)+LEN($C27&":"), _xlpm._followUpEnd,FIND(CHAR(10),_xlpm._options&CHAR(10),_xlpm._followUpStart), IF($C27="","",TRIM(MID(_xlpm._options,_xlpm._followUpStart,_xlpm._followUpEnd-_xlpm._followUpStart))))} | F27: =Definitions!$H$11 -> Medium financial damage | G27: Direct loss, fines for infringements of laws, or violations of contracts below 200,000 EUR Damage level Low | H27: {=CreateID($H$2,$A27<>"")} -> 5 | I27: =IF($Q27="","",_xlfn.LET( _xlpm._in,$Q27, _xlpm._start,FIND("]",_xlpm._in)+1, SUBSTITUTE(MID(_xlpm._in,_xlpm._start,FIND("!",_xlpm._in)-_xlpm._start),"'",""))) | J27: =IF($Q27="","",_xlfn.LET( _xlpm._in,SUBSTITUTE($Q27,"$","§",1), _xlpm._start,FIND("§",_xlpm._in)+1, SUBSTITUTE(MID(_xlpm._in,_xlpm._start,FIND("$",_xlpm._in)-_xlpm._start),"'",""))) | K27: =IF($Q27="","",RIGHT($Q27,LEN($Q27)-FIND("$",SUBSTITUTE($Q27,"$","§",1)))) | L27: {=CreateID($L$2,$I27<>INDEX($I:$I,ROW()-1))} -> 10 | M27: {=IF($Q27="","",INDIRECT($Q27))} | N27: =IF(MOD($H27,2)=0,"D","L") -> L | O27: =IF($A27="",OFFSET($O27,-1,0),$A27) -> QI5
A28: {=IF($Q28="","",_xlfn.LET( _xlpm._fullName,IF($R28="",SUBSTITUTE(SUBSTITUTE(INDIRECT($Q28),CHAR(10)," ")," "," "),$R28), _xlpm._truncatedName,IF(LEN(_xlpm._fullName)>250,LEFT(_xlpm._fullName,250)&"[…]",_xlpm._fullName), HYPERLINK("#'"&$I28&"'!"&$J28&$K28, _xlpm._truncatedName)))} | B28: {=IF($A28="","",SimpleLookup($A28,Questions!$A:$B))} | E28: {=_xlfn.LET( _xlpm._options,IF($O28="","",SimpleLookup($O28,Questions!$A:$H)), _xlpm._followUpStart,FIND($C28&":",_xlpm._options)+LEN($C28&":"), _xlpm._followUpEnd,FIND(CHAR(10),_xlpm._options&CHAR(10),_xlpm._followUpStart), IF($C28="","",TRIM(MID(_xlpm._options,_xlpm._followUpStart,_xlpm._followUpEnd-_xlpm._followUpStart))))} | F28: =Definitions!$H$12 -> High financial damage | G28: Direct loss, fines for infringements of laws, or violations of contracts between 200,000 EUR and 2 million EUR Damage level Medium | H28: {=CreateID($H$2,$A28<>"")} -> 5 | I28: =IF($Q28="","",_xlfn.LET( _xlpm._in,$Q28, _xlpm._start,FIND("]",_xlpm._in)+1, SUBSTITUTE(MID(_xlpm._in,_xlpm._start,FIND("!",_xlpm._in)-_xlpm._start),"'",""))) | J28: =IF($Q28="","",_xlfn.LET( _xlpm._in,SUBSTITUTE($Q28,"$","§",1), _xlpm._start,FIND("§",_xlpm._in)+1, SUBSTITUTE(MID(_xlpm._in,_xlpm._start,FIND("$",_xlpm._in)-_xlpm._start),"'",""))) | K28: =IF($Q28="","",RIGHT($Q28,LEN($Q28)-FIND("$",SUBSTITUTE($Q28,"$","§",1)))) | L28: {=CreateID($L$2,$I28<>INDEX($I:$I,ROW()-1))} -> 10 | M28: {=IF($Q28="","",INDIRECT($Q28))} | N28: =IF(MOD($H28,2)=0,"D","L") -> L | O28: =IF($A28="",OFFSET($O28,-1,0),$A28) -> QI5
A29: {=IF($Q29="","",_xlfn.LET( _xlpm._fullName,IF($R29="",SUBSTITUTE(SUBSTITUTE(INDIRECT($Q29),CHAR(10)," ")," "," "),$R29), _xlpm._truncatedName,IF(LEN(_xlpm._fullName)>250,LEFT(_xlpm._fullName,250)&"[…]",_xlpm._fullName), HYPERLINK("#'"&$I29&"'!"&$J29&$K29, _xlpm._truncatedName)))} | B29: {=IF($A29="","",SimpleLookup($A29,Questions!$A:$B))} | E29: {=_xlfn.LET( _xlpm._options,IF($O29="","",SimpleLookup($O29,Questions!$A:$H)), _xlpm._followUpStart,FIND($C29&":",_xlpm._options)+LEN($C29&":"), _xlpm._followUpEnd,FIND(CHAR(10),_xlpm._options&CHAR(10),_xlpm._followUpStart), IF($C29="","",TRIM(MID(_xlpm._options,_xlpm._followUpStart,_xlpm._followUpEnd-_xlpm._followUpStart))))} | F29: =Definitions!$H$13 -> Critical financial damage | G29: Direct loss, fines for infringements of laws, or violations of contracts between 2 million EUR and 20 million EUR Damage level High | H29: {=CreateID($H$2,$A29<>"")} -> 5 | I29: =IF($Q29="","",_xlfn.LET( _xlpm._in,$Q29, _xlpm._start,FIND("]",_xlpm._in)+1, SUBSTITUTE(MID(_xlpm._in,_xlpm._start,FIND("!",_xlpm._in)-_xlpm._start),"'",""))) | J29: =IF($Q29="","",_xlfn.LET( _xlpm._in,SUBSTITUTE($Q29,"$","§",1), _xlpm._start,FIND("§",_xlpm._in)+1, SUBSTITUTE(MID(_xlpm._in,_xlpm._start,FIND("$",_xlpm._in)-_xlpm._start),"'",""))) | K29: =IF($Q29="","",RIGHT($Q29,LEN($Q29)-FIND("$",SUBSTITUTE($Q29,"$","§",1)))) | L29: {=CreateID($L$2,$I29<>INDEX($I:$I,ROW()-1))} -> 10 | M29: {=IF($Q29="","",INDIRECT($Q29))} | N29: =IF(MOD($H29,2)=0,"D","L") -> L | O29: =IF($A29="",OFFSET($O29,-1,0),$A29) -> QI5
A30: {=IF($Q30="","",_xlfn.LET( _xlpm._fullName,IF($R30="",SUBSTITUTE(SUBSTITUTE(INDIRECT($Q30),CHAR(10)," ")," "," "),$R30), _xlpm._truncatedName,IF(LEN(_xlpm._fullName)>250,LEFT(_xlpm._fullName,250)&"[…]",_xlpm._fullName), HYPERLINK("#'"&$I30&"'!"&$J30&$K30, _xlpm._truncatedName)))} | B30: {=IF($A30="","",SimpleLookup($A30,Questions!$A:$B))} | E30: {=_xlfn.LET( _xlpm._options,IF($O30="","",SimpleLookup($O30,Questions!$A:$H)), _xlpm._followUpStart,FIND($C30&":",_xlpm._options)+LEN($C30&":"), _xlpm._followUpEnd,FIND(CHAR(10),_xlpm._options&CHAR(10),_xlpm._followUpStart), IF($C30="","",TRIM(MID(_xlpm._options,_xlpm._followUpStart,_xlpm._followUpEnd-_xlpm._followUpStart))))} | F30: =Definitions!$H$14 -> Potentially dangerous situation | G30: Direct loss, fines for infringements of laws, or violations of contracts above 20 million EUR, or consequences threatening the company's existence or employees. Damage level Critical | H30: {=CreateID($H$2,$A30<>"")} -> 5 | I30: =IF($Q30="","",_xlfn.LET( _xlpm._in,$Q30, _xlpm._start,FIND("]",_xlpm._in)+1, SUBSTITUTE(MID(_xlpm._in,_xlpm._start,FIND("!",_xlpm._in)-_xlpm._start),"'",""))) | J30: =IF($Q30="","",_xlfn.LET( _xlpm._in,SUBSTITUTE($Q30,"$","§",1), _xlpm._start,FIND("§",_xlpm._in)+1, SUBSTITUTE(MID(_xlpm._in,_xlpm._start,FIND("$",_xlpm._in)-_xlpm._start),"'",""))) | K30: =IF($Q30="","",RIGHT($Q30,LEN($Q30)-FIND("$",SUBSTITUTE($Q30,"$","§",1)))) | L30: {=CreateID($L$2,$I30<>INDEX($I:$I,ROW()-1))} -> 10 | M30: {=IF($Q30="","",INDIRECT($Q30))} | N30: =IF(MOD($H30,2)=0,"D","L") -> L | O30: =IF($A30="",OFFSET($O30,-1,0),$A30) -> QI5
A31: {=IF($Q31="","",_xlfn.LET( _xlpm._fullName,IF($R31="",SUBSTITUTE(SUBSTITUTE(INDIRECT($Q31),CHAR(10)," ")," "," "),$R31), _xlpm._truncatedName,IF(LEN(_xlpm._fullName)>250,LEFT(_xlpm._fullName,250)&"[…]",_xlpm._fullName), HYPERLINK("#'"&$I31&"'!"&$J31&$K31, _xlpm._truncatedName)))} | B31: {=IF($A31="","",SimpleLookup($A31,Questions!$A:$B))} | E31: {=_xlfn.LET( _xlpm._options,IF($O31="","",SimpleLookup($O31,Questions!$A:$H)), _xlpm._followUpStart,FIND($C31&":",_xlpm._options)+LEN($C31&":"), _xlpm._followUpEnd,FIND(CHAR(10),_xlpm._options&CHAR(10),_xlpm._followUpStart), IF($C31="","",TRIM(MID(_xlpm._options,_xlpm._followUpStart,_xlpm._followUpEnd-_xlpm._followUpStart))))} | F31: =Definitions!$H$15 -> Light or moderate injury | G31: Hazardous situation without actual injury. * Unsafe condition occurs * No physical injury * Near-miss event * Protective mechanisms still effective * Situation reversible without medical treatment | H31: {=CreateID($H$2,$A31<>"")} -> 5 | I31: =IF($Q31="","",_xlfn.LET( _xlpm._in,$Q31, _xlpm._start,FIND("]",_xlpm._in)+1, SUBSTITUTE(MID(_xlpm._in,_xlpm._start,FIND("!",_xlpm._in)-_xlpm._start),"'",""))) | J31: =IF($Q31="","",_xlfn.LET( _xlpm._in,SUBSTITUTE($Q31,"$","§",1), _xlpm._start,FIND("§",_xlpm._in)+1, SUBSTITUTE(MID(_xlpm._in,_xlpm._start,FIND("$",_xlpm._in)-_xlpm._start),"'",""))) | K31: =IF($Q31="","",RIGHT($Q31,LEN($Q31)-FIND("$",SUBSTITUTE($Q31,"$","§",1)))) | L31: {=CreateID($L$2,$I31<>INDEX($I:$I,ROW()-1))} -> 10 | M31: {=IF($Q31="","",INDIRECT($Q31))} | N31: =IF(MOD($H31,2)=0,"D","L") -> L | O31: =IF($A31="",OFFSET($O31,-1,0),$A31) -> QI5
A32: {=IF($Q32="","",_xlfn.LET( _xlpm._fullName,IF($R32="",SUBSTITUTE(SUBSTITUTE(INDIRECT($Q32),CHAR(10)," ")," "," "),$R32), _xlpm._truncatedName,IF(LEN(_xlpm._fullName)>250,LEFT(_xlpm._fullName,250)&"[…]",_xlpm._fullName), HYPERLINK("#'"&$I32&"'!"&$J32&$K32, _xlpm._truncatedName)))} | B32: {=IF($A32="","",SimpleLookup($A32,Questions!$A:$B))} | E32: {=_xlfn.LET( _xlpm._options,IF($O32="","",SimpleLookup($O32,Questions!$A:$H)), _xlpm._followUpStart,FIND($C32&":",_xlpm._options)+LEN($C32&":"), _xlpm._followUpEnd,FIND(CHAR(10),_xlpm._options&CHAR(10),_xlpm._followUpStart), IF($C32="","",TRIM(MID(_xlpm._options,_xlpm._followUpStart,_xlpm._followUpEnd-_xlpm._followUpStart))))} | F32: =Definitions!$H$16 -> Severe injury (survival probable) | G32: Light or moderate injury. * Minor cuts, bruises, sprains * Temporary discomfort * Outpatient medical treatment sufficient * Short recovery time * No permanent impairment | H32: {=CreateID($H$2,$A32<>"")} -> 5 | I32: =IF($Q32="","",_xlfn.LET( _xlpm._in,$Q32, _xlpm._start,FIND("]",_xlpm._in)+1, SUBSTITUTE(MID(_xlpm._in,_xlpm._start,FIND("!",_xlpm._in)-_xlpm._start),"'",""))) | J32: =IF($Q32="","",_xlfn.LET( _xlpm._in,SUBSTITUTE($Q32,"$","§",1), _xlpm._start,FIND("§",_xlpm._in)+1, SUBSTITUTE(MID(_xlpm._in,_xlpm._start,FIND("$",_xlpm._in)-_xlpm._start),"'",""))) | K32: =IF($Q32="","",RIGHT($Q32,LEN($Q32)-FIND("$",SUBSTITUTE($Q32,"$","§",1)))) | L32: {=CreateID($L$2,$I32<>INDEX($I:$I,ROW()-1))} -> 10 | M32: {=IF($Q32="","",INDIRECT($Q32))} | N32: =IF(MOD($H32,2)=0,"D","L") -> L | O32: =IF($A32="",OFFSET($O32,-1,0),$A32) -> QI5
A33: {=IF($Q33="","",_xlfn.LET( _xlpm._fullName,IF($R33="",SUBSTITUTE(SUBSTITUTE(INDIRECT($Q33),CHAR(10)," ")," "," "),$R33), _xlpm._truncatedName,IF(LEN(_xlpm._fullName)>250,LEFT(_xlpm._fullName,250)&"[…]",_xlpm._fullName), HYPERLINK("#'"&$I33&"'!"&$J33&$K33, _xlpm._truncatedName)))} | B33: {=IF($A33="","",SimpleLookup($A33,Questions!$A:$B))} | E33: {=_xlfn.LET( _xlpm._options,IF($O33="","",SimpleLookup($O33,Questions!$A:$H)), _xlpm._followUpStart,FIND($C33&":",_xlpm._options)+LEN($C33&":"), _xlpm._followUpEnd,FIND(CHAR(10),_xlpm._options&CHAR(10),_xlpm._followUpStart), IF($C33="","",TRIM(MID(_xlpm._options,_xlpm._followUpStart,_xlpm._followUpEnd-_xlpm._followUpStart))))} | F33: =Definitions!$H$17 -> Life-threatening injury | G33: Severe injury; survival probable. * Serious fractures * Hospitalization required * Surgical intervention possible * Long recovery time * Possible lasting impairment | H33: {=CreateID($H$2,$A33<>"")} -> 5 | I33: =IF($Q33="","",_xlfn.LET( _xlpm._in,$Q33, _xlpm._start,FIND("]",_xlpm._in)+1, SUBSTITUTE(MID(_xlpm._in,_xlpm._start,FIND("!",_xlpm._in)-_xlpm._start),"'",""))) | J33: =IF($Q33="","",_xlfn.LET( _xlpm._in,SUBSTITUTE($Q33,"$","§",1), _xlpm._start,FIND("§",_xlpm._in)+1, SUBSTITUTE(MID(_xlpm._in,_xlpm._start,FIND("$",_xlpm._in)-_xlpm._start),"'",""))) | K33: =IF($Q33="","",RIGHT($Q33,LEN($Q33)-FIND("$",SUBSTITUTE($Q33,"$","§",1)))) | L33: {=CreateID($L$2,$I33<>INDEX($I:$I,ROW()-1))} -> 10 | M33: {=IF($Q33="","",INDIRECT($Q33))} | N33: =IF(MOD($H33,2)=0,"D","L") -> L | O33: =IF($A33="",OFFSET($O33,-1,0),$A33) -> QI5
A34: {=IF($Q34="","",_xlfn.LET( _xlpm._fullName,IF($R34="",SUBSTITUTE(SUBSTITUTE(INDIRECT($Q34),CHAR(10)," ")," "," "),$R34), _xlpm._truncatedName,IF(LEN(_xlpm._fullName)>250,LEFT(_xlpm._fullName,250)&"[…]",_xlpm._fullName), HYPERLINK("#'"&$I34&"'!"&$J34&$K34, _xlpm._truncatedName)))} | B34: {=IF($A34="","",SimpleLookup($A34,Questions!$A:$B))} | E34: {=_xlfn.LET( _xlpm._options,IF($O34="","",SimpleLookup($O34,Questions!$A:$H)), _xlpm._followUpStart,FIND($C34&":",_xlpm._options)+LEN($C34&":"), _xlpm._followUpEnd,FIND(CHAR(10),_xlpm._options&CHAR(10),_xlpm._followUpStart), IF($C34="","",TRIM(MID(_xlpm._options,_xlpm._followUpStart,_xlpm._followUpEnd-_xlpm._followUpStart))))} | F34: =Definitions!$H$18 -> Disturbance | G34: * Immediate danger to life * Intensive medical care required * Permanent severe disability possible * Fatal outcome possible | H34: {=CreateID($H$2,$A34<>"")} -> 5 | I34: =IF($Q34="","",_xlfn.LET( _xlpm._in,$Q34, _xlpm._start,FIND("]",_xlpm._in)+1, SUBSTITUTE(MID(_xlpm._in,_xlpm._start,FIND("!",_xlpm._in)-_xlpm._start),"'",""))) | J34: =IF($Q34="","",_xlfn.LET( _xlpm._in,SUBSTITUTE($Q34,"$","§",1), _xlpm._start,FIND("§",_xlpm._in)+1, SUBSTITUTE(MID(_xlpm._in,_xlpm._start,FIND("$",_xlpm._in)-_xlpm._start),"'",""))) | K34: =IF($Q34="","",RIGHT($Q34,LEN($Q34)-FIND("$",SUBSTITUTE($Q34,"$","§",1)))) | L34: {=CreateID($L$2,$I34<>INDEX($I:$I,ROW()-1))} -> 10 | M34: {=IF($Q34="","",INDIRECT($Q34))} | N34: =IF(MOD($H34,2)=0,"D","L") -> L | O34: =IF($A34="",OFFSET($O34,-1,0),$A34) -> QI5
A35: {=IF($Q35="","",_xlfn.LET( _xlpm._fullName,IF($R35="",SUBSTITUTE(SUBSTITUTE(INDIRECT($Q35),CHAR(10)," ")," "," "),$R35), _xlpm._truncatedName,IF(LEN(_xlpm._fullName)>250,LEFT(_xlpm._fullName,250)&"[…]",_xlpm._fullName), HYPERLINK("#'"&$I35&"'!"&$J35&$K35, _xlpm._truncatedName)))} | B35: {=IF($A35="","",SimpleLookup($A35,Questions!$A:$B))} | E35: {=_xlfn.LET( _xlpm._options,IF($O35="","",SimpleLookup($O35,Questions!$A:$H)), _xlpm._followUpStart,FIND($C35&":",_xlpm._options)+LEN($C35&":"), _xlpm._followUpEnd,FIND(CHAR(10),_xlpm._options&CHAR(10),_xlpm._followUpStart), IF($C35="","",TRIM(MID(_xlpm._options,_xlpm._followUpStart,_xlpm._followUpEnd-_xlpm._followUpStart))))} | F35: =Definitions!$H$19 -> Service required | G35: Minimal (a few hours maximum) downtime, customer can restore the device or can quickly fix the issue himself (e.g. reset) * Short interruption (minutes to a few hours) * No permanent damage * Restart or simple parameter correction sufficient or solution exchange by customer himself with second device * No external support required | H35: {=CreateID($H$2,$A35<>"")} -> 5 | I35: =IF($Q35="","",_xlfn.LET( _xlpm._in,$Q35, _xlpm._start,FIND("]",_xlpm._in)+1, SUBSTITUTE(MID(_xlpm._in,_xlpm._start,FIND("!",_xlpm._in)-_xlpm._start),"'",""))) | J35: =IF($Q35="","",_xlfn.LET( _xlpm._in,SUBSTITUTE($Q35,"$","§",1), _xlpm._start,FIND("§",_xlpm._in)+1, SUBSTITUTE(MID(_xlpm._in,_xlpm._start,FIND("$",_xlpm._in)-_xlpm._start),"'",""))) | K35: =IF($Q35="","",RIGHT($Q35,LEN($Q35)-FIND("$",SUBSTITUTE($Q35,"$","§",1)))) | L35: {=CreateID($L$2,$I35<>INDEX($I:$I,ROW()-1))} -> 10 | M35: {=IF($Q35="","",INDIRECT($Q35))} | N35: =IF(MOD($H35,2)=0,"D","L") -> L | O35: =IF($A35="",OFFSET($O35,-1,0),$A35) -> QI5
A36: {=IF($Q36="","",_xlfn.LET( _xlpm._fullName,IF($R36="",SUBSTITUTE(SUBSTITUTE(INDIRECT($Q36),CHAR(10)," ")," "," "),$R36), _xlpm._truncatedName,IF(LEN(_xlpm._fullName)>250,LEFT(_xlpm._fullName,250)&"[…]",_xlpm._fullName), HYPERLINK("#'"&$I36&"'!"&$J36&$K36, _xlpm._truncatedName)))} | B36: {=IF($A36="","",SimpleLookup($A36,Questions!$A:$B))} | E36: {=_xlfn.LET( _xlpm._options,IF($O36="","",SimpleLookup($O36,Questions!$A:$H)), _xlpm._followUpStart,FIND($C36&":",_xlpm._options)+LEN($C36&":"), _xlpm._followUpEnd,FIND(CHAR(10),_xlpm._options&CHAR(10),_xlpm._followUpStart), IF($C36="","",TRIM(MID(_xlpm._options,_xlpm._followUpStart,_xlpm._followUpEnd-_xlpm._followUpStart))))} | F36: =Definitions!$H$20 -> Major disturbance | G36: Minor downtime ( few hours to a day / two days), Disturbance of function; service intervention required * Downtime several hours up to 1–2 days * On-site or remote service needed * Reconfiguration, firmware recovery, recalibration * No structural damage | H36: {=CreateID($H$2,$A36<>"")} -> 5 | I36: =IF($Q36="","",_xlfn.LET( _xlpm._in,$Q36, _xlpm._start,FIND("]",_xlpm._in)+1, SUBSTITUTE(MID(_xlpm._in,_xlpm._start,FIND("!",_xlpm._in)-_xlpm._start),"'",""))) | J36: =IF($Q36="","",_xlfn.LET( _xlpm._in,SUBSTITUTE($Q36,"$","§",1), _xlpm._start,FIND("§",_xlpm._in)+1, SUBSTITUTE(MID(_xlpm._in,_xlpm._start,FIND("$",_xlpm._in)-_xlpm._start),"'",""))) | K36: =IF($Q36="","",RIGHT($Q36,LEN($Q36)-FIND("$",SUBSTITUTE($Q36,"$","§",1)))) | L36: {=CreateID($L$2,$I36<>INDEX($I:$I,ROW()-1))} -> 10 | M36: {=IF($Q36="","",INDIRECT($Q36))} | N36: =IF(MOD($H36,2)=0,"D","L") -> L | O36: =IF($A36="",OFFSET($O36,-1,0),$A36) -> QI5
A37: {=IF($Q37="","",_xlfn.LET( _xlpm._fullName,IF($R37="",SUBSTITUTE(SUBSTITUTE(INDIRECT($Q37),CHAR(10)," ")," "," "),$R37), _xlpm._truncatedName,IF(LEN(_xlpm._fullName)>250,LEFT(_xlpm._fullName,250)&"[…]",_xlpm._fullName), HYPERLINK("#'"&$I37&"'!"&$J37&$K37, _xlpm._truncatedName)))} | B37: {=IF($A37="","",SimpleLookup($A37,Questions!$A:$B))} | E37: {=_xlfn.LET( _xlpm._options,IF($O37="","",SimpleLookup($O37,Questions!$A:$H)), _xlpm._followUpStart,FIND($C37&":",_xlpm._options)+LEN($C37&":"), _xlpm._followUpEnd,FIND(CHAR(10),_xlpm._options&CHAR(10),_xlpm._followUpStart), IF($C37="","",TRIM(MID(_xlpm._options,_xlpm._followUpStart,_xlpm._followUpEnd-_xlpm._followUpStart))))} | F37: =Definitions!$H$21 -> Environmental damage | G37: Major downtime or disturbance of function (few days to a week) * Downtime several days * Replacement of components required * System reintegration necessary * Noticeable operational impact | H37: {=CreateID($H$2,$A37<>"")} -> 5 | I37: =IF($Q37="","",_xlfn.LET( _xlpm._in,$Q37, _xlpm._start,FIND("]",_xlpm._in)+1, SUBSTITUTE(MID(_xlpm._in,_xlpm._start,FIND("!",_xlpm._in)-_xlpm._start),"'",""))) | J37: =IF($Q37="","",_xlfn.LET( _xlpm._in,SUBSTITUTE($Q37,"$","§",1), _xlpm._start,FIND("§",_xlpm._in)+1, SUBSTITUTE(MID(_xlpm._in,_xlpm._start,FIND("$",_xlpm._in)-_xlpm._start),"'",""))) | K37: =IF($Q37="","",RIGHT($Q37,LEN($Q37)-FIND("$",SUBSTITUTE($Q37,"$","§",1)))) | L37: {=CreateID($L$2,$I37<>INDEX($I:$I,ROW()-1))} -> 10 | M37: {=IF($Q37="","",INDIRECT($Q37))} | N37: =IF(MOD($H37,2)=0,"D","L") -> L | O37: =IF($A37="",OFFSET($O37,-1,0),$A37) -> QI5
A38: {=IF($Q38="","",_xlfn.LET( _xlpm._fullName,IF($R38="",SUBSTITUTE(SUBSTITUTE(INDIRECT($Q38),CHAR(10)," ")," "," "),$R38), _xlpm._truncatedName,IF(LEN(_xlpm._fullName)>250,LEFT(_xlpm._fullName,250)&"[…]",_xlpm._fullName), HYPERLINK("#'"&$I38&"'!"&$J38&$K38, _xlpm._truncatedName)))} | B38: {=IF($A38="","",SimpleLookup($A38,Questions!$A:$B))} | E38: {=_xlfn.LET( _xlpm._options,IF($O38="","",SimpleLookup($O38,Questions!$A:$H)), _xlpm._followUpStart,FIND($C38&":",_xlpm._options)+LEN($C38&":"), _xlpm._followUpEnd,FIND(CHAR(10),_xlpm._options&CHAR(10),_xlpm._followUpStart), IF($C38="","",TRIM(MID(_xlpm._options,_xlpm._followUpStart,_xlpm._followUpEnd-_xlpm._followUpStart))))} | F38: =Definitions!$H$22 -> Critical disturbance (destruction) | G38: Singular incident with limited environmental damage * Localized environmental impact * Limited clean-up required * No long-term ecological consequences * Contained to immediate area | H38: {=CreateID($H$2,$A38<>"")} -> 5 | I38: =IF($Q38="","",_xlfn.LET( _xlpm._in,$Q38, _xlpm._start,FIND("]",_xlpm._in)+1, SUBSTITUTE(MID(_xlpm._in,_xlpm._start,FIND("!",_xlpm._in)-_xlpm._start),"'",""))) | J38: =IF($Q38="","",_xlfn.LET( _xlpm._in,SUBSTITUTE($Q38,"$","§",1), _xlpm._start,FIND("§",_xlpm._in)+1, SUBSTITUTE(MID(_xlpm._in,_xlpm._start,FIND("$",_xlpm._in)-_xlpm._start),"'",""))) | K38: =IF($Q38="","",RIGHT($Q38,LEN($Q38)-FIND("$",SUBSTITUTE($Q38,"$","§",1)))) | L38: {=CreateID($L$2,$I38<>INDEX($I:$I,ROW()-1))} -> 10 | M38: {=IF($Q38="","",INDIRECT($Q38))} | N38: =IF(MOD($H38,2)=0,"D","L") -> L | O38: =IF($A38="",OFFSET($O38,-1,0),$A38) -> QI5
A39: {=IF($Q39="","",_xlfn.LET( _xlpm._fullName,IF($R39="",SUBSTITUTE(SUBSTITUTE(INDIRECT($Q39),CHAR(10)," ")," "," "),$R39), _xlpm._truncatedName,IF(LEN(_xlpm._fullName)>250,LEFT(_xlpm._fullName,250)&"[…]",_xlpm._fullName), HYPERLINK("#'"&$I39&"'!"&$J39&$K39, _xlpm._truncatedName)))} | B39: {=IF($A39="","",SimpleLookup($A39,Questions!$A:$B))} | E39: {=_xlfn.LET( _xlpm._options,IF($O39="","",SimpleLookup($O39,Questions!$A:$H)), _xlpm._followUpStart,FIND($C39&":",_xlpm._options)+LEN($C39&":"), _xlpm._followUpEnd,FIND(CHAR(10),_xlpm._options&CHAR(10),_xlpm._followUpStart), IF($C39="","",TRIM(MID(_xlpm._options,_xlpm._followUpStart,_xlpm._followUpEnd-_xlpm._followUpStart))))} | F39: =Definitions!$H$23 -> Critical environmental damage | G39: Destruction of plant; severe damage to assets or operational environment; critical disturbance of function * Destruction of equipment or plant sections * Long-term operational outage * Extensive repair or reconstruction required * Significant financial loss | H39: {=CreateID($H$2,$A39<>"")} -> 5 | I39: =IF($Q39="","",_xlfn.LET( _xlpm._in,$Q39, _xlpm._start,FIND("]",_xlpm._in)+1, SUBSTITUTE(MID(_xlpm._in,_xlpm._start,FIND("!",_xlpm._in)-_xlpm._start),"'",""))) | J39: =IF($Q39="","",_xlfn.LET( _xlpm._in,SUBSTITUTE($Q39,"$","§",1), _xlpm._start,FIND("§",_xlpm._in)+1, SUBSTITUTE(MID(_xlpm._in,_xlpm._start,FIND("$",_xlpm._in)-_xlpm._start),"'",""))) | K39: =IF($Q39="","",RIGHT($Q39,LEN($Q39)-FIND("$",SUBSTITUTE($Q39,"$","§",1)))) | L39: {=CreateID($L$2,$I39<>INDEX($I:$I,ROW()-1))} -> 10 | M39: {=IF($Q39="","",INDIRECT($Q39))} | N39: =IF(MOD($H39,2)=0,"D","L") -> L | O39: =IF($A39="",OFFSET($O39,-1,0),$A39) -> QI5
A40: {=IF($Q40="","",_xlfn.LET( _xlpm._fullName,IF($R40="",SUBSTITUTE(SUBSTITUTE(INDIRECT($Q40),CHAR(10)," ")," "," "),$R40), _xlpm._truncatedName,IF(LEN(_xlpm._fullName)>250,LEFT(_xlpm._fullName,250)&"[…]",_xlpm._fullName), HYPERLINK("#'"&$I40&"'!"&$J40&$K40, _xlpm._truncatedName)))} | B40: {=IF($A40="","",SimpleLookup($A40,Questions!$A:$B))} | E40: {=_xlfn.LET( _xlpm._options,IF($O40="","",SimpleLookup($O40,Questions!$A:$H)), _xlpm._followUpStart,FIND($C40&":",_xlpm._options)+LEN($C40&":"), _xlpm._followUpEnd,FIND(CHAR(10),_xlpm._options&CHAR(10),_xlpm._followUpStart), IF($C40="","",TRIM(MID(_xlpm._options,_xlpm._followUpStart,_xlpm._followUpEnd-_xlpm._followUpStart))))} | F40: =Definitions!$H$24 -> 0 | G40: Environmental damages that accumulate to critical impact over time or occur as a single severe incident * Major ecological impact * Regulatory consequences * Long-term remediation required * Irreversible environmental harm | H40: {=CreateID($H$2,$A40<>"")} -> 5 | I40: =IF($Q40="","",_xlfn.LET( _xlpm._in,$Q40, _xlpm._start,FIND("]",_xlpm._in)+1, SUBSTITUTE(MID(_xlpm._in,_xlpm._start,FIND("!",_xlpm._in)-_xlpm._start),"'",""))) | J40: =IF($Q40="","",_xlfn.LET( _xlpm._in,SUBSTITUTE($Q40,"$","§",1), _xlpm._start,FIND("§",_xlpm._in)+1, SUBSTITUTE(MID(_xlpm._in,_xlpm._start,FIND("$",_xlpm._in)-_xlpm._start),"'",""))) | K40: =IF($Q40="","",RIGHT($Q40,LEN($Q40)-FIND("$",SUBSTITUTE($Q40,"$","§",1)))) | L40: {=CreateID($L$2,$I40<>INDEX($I:$I,ROW()-1))} -> 10 | M40: {=IF($Q40="","",INDIRECT($Q40))} | N40: =IF(MOD($H40,2)=0,"D","L") -> L | O40: =IF($A40="",OFFSET($O40,-1,0),$A40) -> QI5
A41: {=IF($Q41="","",_xlfn.LET( _xlpm._fullName,IF($R41="",SUBSTITUTE(SUBSTITUTE(INDIRECT($Q41),CHAR(10)," ")," "," "),$R41), _xlpm._truncatedName,IF(LEN(_xlpm._fullName)>250,LEFT(_xlpm._fullName,250)&"[…]",_xlpm._fullName), HYPERLINK("#'"&$I41&"'!"&$J41&$K41, _xlpm._truncatedName)))} | B41: {=IF($A41="","",SimpleLookup($A41,Questions!$A:$B))} | C41: No | D41: (2) No, in any other case. (2*) Also No, if cryptographic material stored on the solution does not allow access to external systems or external data, for example: * device-specific TLS host certificates * device identity certificates (2**) Also No, if credentials only allow access to the individual device itself, for example: * local web interface passwords * device service accounts * device-specific login credentials | E41: {=_xlfn.LET( _xlpm._options,IF($O41="","",SimpleLookup($O41,Questions!$A:$H)), _xlpm._followUpStart,FIND($C41&":",_xlpm._options)+LEN($C41&":"), _xlpm._followUpEnd,FIND(CHAR(10),_xlpm._options&CHAR(10),_xlpm._followUpStart), IF($C41="","",TRIM(MID(_xlpm._options,_xlpm._followUpStart,_xlpm._followUpEnd-_xlpm._followUpStart))))} | H41: {=CreateID($H$2,$A41<>"")} -> 5 | I41: =IF($Q41="","",_xlfn.LET( _xlpm._in,$Q41, _xlpm._start,FIND("]",_xlpm._in)+1, SUBSTITUTE(MID(_xlpm._in,_xlpm._start,FIND("!",_xlpm._in)-_xlpm._start),"'",""))) | J41: =IF($Q41="","",_xlfn.LET( _xlpm._in,SUBSTITUTE($Q41,"$","§",1), _xlpm._start,FIND("§",_xlpm._in)+1, SUBSTITUTE(MID(_xlpm._in,_xlpm._start,FIND("$",_xlpm._in)-_xlpm._start),"'",""))) | K41: =IF($Q41="","",RIGHT($Q41,LEN($Q41)-FIND("$",SUBSTITUTE($Q41,"$","§",1)))) | L41: {=CreateID($L$2,$I41<>INDEX($I:$I,ROW()-1))} -> 10 | M41: {=IF($Q41="","",INDIRECT($Q41))} | N41: =IF(MOD($H41,2)=0,"D","L") -> L | O41: =IF($A41="",OFFSET($O41,-1,0),$A41) -> QI5
A42: {=IF($Q42="","",_xlfn.LET( _xlpm._fullName,IF($R42="",SUBSTITUTE(SUBSTITUTE(INDIRECT($Q42),CHAR(10)," ")," "," "),$R42), _xlpm._truncatedName,IF(LEN(_xlpm._fullName)>250,LEFT(_xlpm._fullName,250)&"[…]",_xlpm._fullName), HYPERLINK("#'"&$I42&"'!"&$J42&$K42, _xlpm._truncatedName)))} -> QI6 | B42: {=IF($A42="","",SimpleLookup($A42,Questions!$A:$B))} -> Can a loss of availability of the product (or its communication) endanger the health of people? (Consider how the operational environment reacts to a loss of availability of the product.) | C42: Yes | E42: {=_xlfn.LET( _xlpm._options,IF($O42="","",SimpleLookup($O42,Questions!$A:$H)), _xlpm._followUpStart,FIND($C42&":",_xlpm._options)+LEN($C42&":"), _xlpm._followUpEnd,FIND(CHAR(10),_xlpm._options&CHAR(10),_xlpm._followUpStart), IF($C42="","",TRIM(MID(_xlpm._options,_xlpm._followUpStart,_xlpm._followUpEnd-_xlpm._followUpStart))))} -> What is the worst case severity of the injury for the intended use of the product? | H42: {=CreateID($H$2,$A42<>"")} -> 6 | I42: =IF($Q42="","",_xlfn.LET( _xlpm._in,$Q42, _xlpm._start,FIND("]",_xlpm._in)+1, SUBSTITUTE(MID(_xlpm._in,_xlpm._start,FIND("!",_xlpm._in)-_xlpm._start),"'",""))) -> Questionnaire | J42: =IF($Q42="","",_xlfn.LET( _xlpm._in,SUBSTITUTE($Q42,"$","§",1), _xlpm._start,FIND("§",_xlpm._in)+1, SUBSTITUTE(MID(_xlpm._in,_xlpm._start,FIND("$",_xlpm._in)-_xlpm._start),"'",""))) -> B | K42: =IF($Q42="","",RIGHT($Q42,LEN($Q42)-FIND("$",SUBSTITUTE($Q42,"$","§",1)))) -> 15 | L42: {=CreateID($L$2,$I42<>INDEX($I:$I,ROW()-1))} -> 11 | M42: {=IF($Q42="","",INDIRECT($Q42))} -> QI6 | N42: =IF(MOD($H42,2)=0,"D","L") -> D | O42: =IF($A42="",OFFSET($O42,-1,0),$A42) -> QI6 | Q42: {=CELL("address",Questionnaire!$B$15)} -> '[QuBA-libre.xlsx]Questionnaire'!$B$15
A43: {=IF($Q43="","",_xlfn.LET( _xlpm._fullName,IF($R43="",SUBSTITUTE(SUBSTITUTE(INDIRECT($Q43),CHAR(10)," ")," "," "),$R43), _xlpm._truncatedName,IF(LEN(_xlpm._fullName)>250,LEFT(_xlpm._fullName,250)&"[…]",_xlpm._fullName), HYPERLINK("#'"&$I43&"'!"&$J43&$K43, _xlpm._truncatedName)))} | B43: {=IF($A43="","",SimpleLookup($A43,Questions!$A:$B))} | C43: No | E43: {=_xlfn.LET( _xlpm._options,IF($O43="","",SimpleLookup($O43,Questions!$A:$H)), _xlpm._followUpStart,FIND($C43&":",_xlpm._options)+LEN($C43&":"), _xlpm._followUpEnd,FIND(CHAR(10),_xlpm._options&CHAR(10),_xlpm._followUpStart), IF($C43="","",TRIM(MID(_xlpm._options,_xlpm._followUpStart,_xlpm._followUpEnd-_xlpm._followUpStart))))} -> Is the product a safety product? | H43: {=CreateID($H$2,$A43<>"")} -> 6 | I43: =IF($Q43="","",_xlfn.LET( _xlpm._in,$Q43, _xlpm._start,FIND("]",_xlpm._in)+1, SUBSTITUTE(MID(_xlpm._in,_xlpm._start,FIND("!",_xlpm._in)-_xlpm._start),"'",""))) | J43: =IF($Q43="","",_xlfn.LET( _xlpm._in,SUBSTITUTE($Q43,"$","§",1), _xlpm._start,FIND("§",_xlpm._in)+1, SUBSTITUTE(MID(_xlpm._in,_xlpm._start,FIND("$",_xlpm._in)-_xlpm._start),"'",""))) | K43: =IF($Q43="","",RIGHT($Q43,LEN($Q43)-FIND("$",SUBSTITUTE($Q43,"$","§",1)))) | L43: {=CreateID($L$2,$I43<>INDEX($I:$I,ROW()-1))} -> 12 | M43: {=IF($Q43="","",INDIRECT($Q43))} | N43: =IF(MOD($H43,2)=0,"D","L") -> D | O43: =IF($A43="",OFFSET($O43,-1,0),$A43) -> QI6
A44: {=IF($Q44="","",_xlfn.LET( _xlpm._fullName,IF($R44="",SUBSTITUTE(SUBSTITUTE(INDIRECT($Q44),CHAR(10)," ")," "," "),$R44), _xlpm._truncatedName,IF(LEN(_xlpm._fullName)>250,LEFT(_xlpm._fullName,250)&"[…]",_xlpm._fullName), HYPERLINK("#'"&$I44&"'!"&$J44&$K44, _xlpm._truncatedName)))} -> QI7 | B44: {=IF($A44="","",SimpleLookup($A44,Questions!$A:$B))} -> Is the availability of the product relevant for its operational environment? | D44: Rule of Thumb * Only needed occasionally → No * Needed during operation → Yes | E44: {=_xlfn.LET( _xlpm._options,IF($O44="","",SimpleLookup($O44,Questions!$A:$H)), _xlpm._followUpStart,FIND($C44&":",_xlpm._options)+LEN($C44&":"), _xlpm._followUpEnd,FIND(CHAR(10),_xlpm._options&CHAR(10),_xlpm._followUpStart), IF($C44="","",TRIM(MID(_xlpm._options,_xlpm._followUpStart,_xlpm._followUpEnd-_xlpm._followUpStart))))} | H44: {=CreateID($H$2,$A44<>"")} -> 7 | I44: =IF($Q44="","",_xlfn.LET( _xlpm._in,$Q44, _xlpm._start,FIND("]",_xlpm._in)+1, SUBSTITUTE(MID(_xlpm._in,_xlpm._start,FIND("!",_xlpm._in)-_xlpm._start),"'",""))) -> Questionnaire | J44: =IF($Q44="","",_xlfn.LET( _xlpm._in,SUBSTITUTE($Q44,"$","§",1), _xlpm._start,FIND("§",_xlpm._in)+1, SUBSTITUTE(MID(_xlpm._in,_xlpm._start,FIND("$",_xlpm._in)-_xlpm._start),"'",""))) -> B | K44: =IF($Q44="","",RIGHT($Q44,LEN($Q44)-FIND("$",SUBSTITUTE($Q44,"$","§",1)))) -> 17 | L44: {=CreateID($L$2,$I44<>INDEX($I:$I,ROW()-1))} -> 13 | M44: {=IF($Q44="","",INDIRECT($Q44))} -> QI7 | N44: =IF(MOD($H44,2)=0,"D","L") -> L | O44: =IF($A44="",OFFSET($O44,-1,0),$A44) -> QI7 | Q44: {=CELL("address",Questionnaire!$B$17)} -> '[QuBA-libre.xlsx]Questionnaire'!$B$17
A45: {=IF($Q45="","",_xlfn.LET( _xlpm._fullName,IF($R45="",SUBSTITUTE(SUBSTITUTE(INDIRECT($Q45),CHAR(10)," ")," "," "),$R45), _xlpm._truncatedName,IF(LEN(_xlpm._fullName)>250,LEFT(_xlpm._fullName,250)&"[…]",_xlpm._fullName), HYPERLINK("#'"&$I45&"'!"&$J45&$K45, _xlpm._truncatedName)))} | B45: {=IF($A45="","",SimpleLookup($A45,Questions!$A:$B))} | C45: Yes | D45: (1) Yes, in any other case than listed in no Applies if the solution is required for normal system operation, for example: * continuous sensing or measurement * machine control or automation support * object detection or positioning * navigation or guidance * identification during production * real-time communication with other systems Loss of availability may cause: * production stops * degraded operation * system malfunction * fallback operation | E45: {=_xlfn.LET( _xlpm._options,IF($O45="","",SimpleLookup($O45,Questions!$A:$H)), _xlpm._followUpStart,FIND($C45&":",_xlpm._options)+LEN($C45&":"), _xlpm._followUpEnd,FIND(CHAR(10),_xlpm._options&CHAR(10),_xlpm._followUpStart), IF($C45="","",TRIM(MID(_xlpm._options,_xlpm._followUpStart,_xlpm._followUpEnd-_xlpm._followUpStart))))} -> What is the worst case effect on the operational environment for the intended use of the product? | G45: Classify the worst credible impact | H45: {=CreateID($H$2,$A45<>"")} -> 7 | I45: =IF($Q45="","",_xlfn.LET( _xlpm._in,$Q45, _xlpm._start,FIND("]",_xlpm._in)+1, SUBSTITUTE(MID(_xlpm._in,_xlpm._start,FIND("!",_xlpm._in)-_xlpm._start),"'",""))) | J45: =IF($Q45="","",_xlfn.LET( _xlpm._in,SUBSTITUTE($Q45,"$","§",1), _xlpm._start,FIND("§",_xlpm._in)+1, SUBSTITUTE(MID(_xlpm._in,_xlpm._start,FIND("$",_xlpm._in)-_xlpm._start),"'",""))) | K45: =IF($Q45="","",RIGHT($Q45,LEN($Q45)-FIND("$",SUBSTITUTE($Q45,"$","§",1)))) | L45: {=CreateID($L$2,$I45<>INDEX($I:$I,ROW()-1))} -> 14 | M45: {=IF($Q45="","",INDIRECT($Q45))} | N45: =IF(MOD($H45,2)=0,"D","L") -> L | O45: =IF($A45="",OFFSET($O45,-1,0),$A45) -> QI7
A46: {=IF($Q46="","",_xlfn.LET( _xlpm._fullName,IF($R46="",SUBSTITUTE(SUBSTITUTE(INDIRECT($Q46),CHAR(10)," ")," "," "),$R46), _xlpm._truncatedName,IF(LEN(_xlpm._fullName)>250,LEFT(_xlpm._fullName,250)&"[…]",_xlpm._fullName), HYPERLINK("#'"&$I46&"'!"&$J46&$K46, _xlpm._truncatedName)))} | B46: {=IF($A46="","",SimpleLookup($A46,Questions!$A:$B))} | E46: {=_xlfn.LET( _xlpm._options,IF($O46="","",SimpleLookup($O46,Questions!$A:$H)), _xlpm._followUpStart,FIND($C46&":",_xlpm._options)+LEN($C46&":"), _xlpm._followUpEnd,FIND(CHAR(10),_xlpm._options&CHAR(10),_xlpm._followUpStart), IF($C46="","",TRIM(MID(_xlpm._options,_xlpm._followUpStart,_xlpm._followUpEnd-_xlpm._followUpStart))))} | F46: =Definitions!$H$19 -> Service required | G46: Minimal (a few hours maximum) downtime, customer can restore the device or can quickly fix the issue himself (e.g. reset) * Short interruption (minutes to a few hours) * No permanent damage * Restart or simple parameter correction sufficient or solution exchange by customer himself with second device * No external support required | H46: {=CreateID($H$2,$A46<>"")} -> 7 | I46: =IF($Q46="","",_xlfn.LET( _xlpm._in,$Q46, _xlpm._start,FIND("]",_xlpm._in)+1, SUBSTITUTE(MID(_xlpm._in,_xlpm._start,FIND("!",_xlpm._in)-_xlpm._start),"'",""))) | J46: =IF($Q46="","",_xlfn.LET( _xlpm._in,SUBSTITUTE($Q46,"$","§",1), _xlpm._start,FIND("§",_xlpm._in)+1, SUBSTITUTE(MID(_xlpm._in,_xlpm._start,FIND("$",_xlpm._in)-_xlpm._start),"'",""))) | K46: =IF($Q46="","",RIGHT($Q46,LEN($Q46)-FIND("$",SUBSTITUTE($Q46,"$","§",1)))) | L46: {=CreateID($L$2,$I46<>INDEX($I:$I,ROW()-1))} -> 14 | M46: {=IF($Q46="","",INDIRECT($Q46))} | N46: =IF(MOD($H46,2)=0,"D","L") -> L | O46: =IF($A46="",OFFSET($O46,-1,0),$A46) -> QI7
A47: {=IF($Q47="","",_xlfn.LET( _xlpm._fullName,IF($R47="",SUBSTITUTE(SUBSTITUTE(INDIRECT($Q47),CHAR(10)," ")," "," "),$R47), _xlpm._truncatedName,IF(LEN(_xlpm._fullName)>250,LEFT(_xlpm._fullName,250)&"[…]",_xlpm._fullName), HYPERLINK("#'"&$I47&"'!"&$J47&$K47, _xlpm._truncatedName)))} | B47: {=IF($A47="","",SimpleLookup($A47,Questions!$A:$B))} | E47: {=_xlfn.LET( _xlpm._options,IF($O47="","",SimpleLookup($O47,Questions!$A:$H)), _xlpm._followUpStart,FIND($C47&":",_xlpm._options)+LEN($C47&":"), _xlpm._followUpEnd,FIND(CHAR(10),_xlpm._options&CHAR(10),_xlpm._followUpStart), IF($C47="","",TRIM(MID(_xlpm._options,_xlpm._followUpStart,_xlpm._followUpEnd-_xlpm._followUpStart))))} | F47: =Definitions!$H$20 -> Major disturbance | G47: Minor downtime ( few hours to a day / two days), Disturbance of function; service intervention required * Downtime several hours up to 1–2 days * On-site or remote service needed * Reconfiguration, firmware recovery, recalibration * No structural damage | H47: {=CreateID($H$2,$A47<>"")} -> 7 | I47: =IF($Q47="","",_xlfn.LET( _xlpm._in,$Q47, _xlpm._start,FIND("]",_xlpm._in)+1, SUBSTITUTE(MID(_xlpm._in,_xlpm._start,FIND("!",_xlpm._in)-_xlpm._start),"'",""))) | J47: =IF($Q47="","",_xlfn.LET( _xlpm._in,SUBSTITUTE($Q47,"$","§",1), _xlpm._start,FIND("§",_xlpm._in)+1, SUBSTITUTE(MID(_xlpm._in,_xlpm._start,FIND("$",_xlpm._in)-_xlpm._start),"'",""))) | K47: =IF($Q47="","",RIGHT($Q47,LEN($Q47)-FIND("$",SUBSTITUTE($Q47,"$","§",1)))) | L47: {=CreateID($L$2,$I47<>INDEX($I:$I,ROW()-1))} -> 14 | M47: {=IF($Q47="","",INDIRECT($Q47))} | N47: =IF(MOD($H47,2)=0,"D","L") -> L | O47: =IF($A47="",OFFSET($O47,-1,0),$A47) -> QI7
A48: {=IF($Q48="","",_xlfn.LET( _xlpm._fullName,IF($R48="",SUBSTITUTE(SUBSTITUTE(INDIRECT($Q48),CHAR(10)," ")," "," "),$R48), _xlpm._truncatedName,IF(LEN(_xlpm._fullName)>250,LEFT(_xlpm._fullName,250)&"[…]",_xlpm._fullName), HYPERLINK("#'"&$I48&"'!"&$J48&$K48, _xlpm._truncatedName)))} | B48: {=IF($A48="","",SimpleLookup($A48,Questions!$A:$B))} | E48: {=_xlfn.LET( _xlpm._options,IF($O48="","",SimpleLookup($O48,Questions!$A:$H)), _xlpm._followUpStart,FIND($C48&":",_xlpm._options)+LEN($C48&":"), _xlpm._followUpEnd,FIND(CHAR(10),_xlpm._options&CHAR(10),_xlpm._followUpStart), IF($C48="","",TRIM(MID(_xlpm._options,_xlpm._followUpStart,_xlpm._followUpEnd-_xlpm._followUpStart))))} | F48: =Definitions!$H$21 -> Environmental damage | G48: Major downtime or disturbance of function (few days to a week) * Downtime several days * Replacement of components required * System reintegration necessary * Noticeable operational impact | H48: {=CreateID($H$2,$A48<>"")} -> 7 | I48: =IF($Q48="","",_xlfn.LET( _xlpm._in,$Q48, _xlpm._start,FIND("]",_xlpm._in)+1, SUBSTITUTE(MID(_xlpm._in,_xlpm._start,FIND("!",_xlpm._in)-_xlpm._start),"'",""))) | J48: =IF($Q48="","",_xlfn.LET( _xlpm._in,SUBSTITUTE($Q48,"$","§",1), _xlpm._start,FIND("§",_xlpm._in)+1, SUBSTITUTE(MID(_xlpm._in,_xlpm._start,FIND("$",_xlpm._in)-_xlpm._start),"'",""))) | K48: =IF($Q48="","",RIGHT($Q48,LEN($Q48)-FIND("$",SUBSTITUTE($Q48,"$","§",1)))) | L48: {=CreateID($L$2,$I48<>INDEX($I:$I,ROW()-1))} -> 14 | M48: {=IF($Q48="","",INDIRECT($Q48))} | N48: =IF(MOD($H48,2)=0,"D","L") -> L | O48: =IF($A48="",OFFSET($O48,-1,0),$A48) -> QI7
A49: {=IF($Q49="","",_xlfn.LET( _xlpm._fullName,IF($R49="",SUBSTITUTE(SUBSTITUTE(INDIRECT($Q49),CHAR(10)," ")," "," "),$R49), _xlpm._truncatedName,IF(LEN(_xlpm._fullName)>250,LEFT(_xlpm._fullName,250)&"[…]",_xlpm._fullName), HYPERLINK("#'"&$I49&"'!"&$J49&$K49, _xlpm._truncatedName)))} | B49: {=IF($A49="","",SimpleLookup($A49,Questions!$A:$B))} | E49: {=_xlfn.LET( _xlpm._options,IF($O49="","",SimpleLookup($O49,Questions!$A:$H)), _xlpm._followUpStart,FIND($C49&":",_xlpm._options)+LEN($C49&":"), _xlpm._followUpEnd,FIND(CHAR(10),_xlpm._options&CHAR(10),_xlpm._followUpStart), IF($C49="","",TRIM(MID(_xlpm._options,_xlpm._followUpStart,_xlpm._followUpEnd-_xlpm._followUpStart))))} | F49: =Definitions!$H$22 -> Critical disturbance (destruction) | G49: Singular incident with limited environmental damage * Localized environmental impact * Limited clean-up required * No long-term ecological consequences * Contained to immediate area | H49: {=CreateID($H$2,$A49<>"")} -> 7 | I49: =IF($Q49="","",_xlfn.LET( _xlpm._in,$Q49, _xlpm._start,FIND("]",_xlpm._in)+1, SUBSTITUTE(MID(_xlpm._in,_xlpm._start,FIND("!",_xlpm._in)-_xlpm._start),"'",""))) | J49: =IF($Q49="","",_xlfn.LET( _xlpm._in,SUBSTITUTE($Q49,"$","§",1), _xlpm._start,FIND("§",_xlpm._in)+1, SUBSTITUTE(MID(_xlpm._in,_xlpm._start,FIND("$",_xlpm._in)-_xlpm._start),"'",""))) | K49: =IF($Q49="","",RIGHT($Q49,LEN($Q49)-FIND("$",SUBSTITUTE($Q49,"$","§",1)))) | L49: {=CreateID($L$2,$I49<>INDEX($I:$I,ROW()-1))} -> 14 | M49: {=IF($Q49="","",INDIRECT($Q49))} | N49: =IF(MOD($H49,2)=0,"D","L") -> L | O49: =IF($A49="",OFFSET($O49,-1,0),$A49) -> QI7
A50: {=IF($Q50="","",_xlfn.LET( _xlpm._fullName,IF($R50="",SUBSTITUTE(SUBSTITUTE(INDIRECT($Q50),CHAR(10)," ")," "," "),$R50), _xlpm._truncatedName,IF(LEN(_xlpm._fullName)>250,LEFT(_xlpm._fullName,250)&"[…]",_xlpm._fullName), HYPERLINK("#'"&$I50&"'!"&$J50&$K50, _xlpm._truncatedName)))} | B50: {=IF($A50="","",SimpleLookup($A50,Questions!$A:$B))} | E50: {=_xlfn.LET( _xlpm._options,IF($O50="","",SimpleLookup($O50,Questions!$A:$H)), _xlpm._followUpStart,FIND($C50&":",_xlpm._options)+LEN($C50&":"), _xlpm._followUpEnd,FIND(CHAR(10),_xlpm._options&CHAR(10),_xlpm._followUpStart), IF($C50="","",TRIM(MID(_xlpm._options,_xlpm._followUpStart,_xlpm._followUpEnd-_xlpm._followUpStart))))} | F50: =Definitions!$H$23 -> Critical environmental damage | G50: Destruction of plant; severe damage to assets or operational environment; critical disturbance of function * Destruction of equipment or plant sections * Long-term operational outage * Extensive repair or reconstruction required * Significant financial loss | H50: {=CreateID($H$2,$A50<>"")} -> 7 | I50: =IF($Q50="","",_xlfn.LET( _xlpm._in,$Q50, _xlpm._start,FIND("]",_xlpm._in)+1, SUBSTITUTE(MID(_xlpm._in,_xlpm._start,FIND("!",_xlpm._in)-_xlpm._start),"'",""))) | J50: =IF($Q50="","",_xlfn.LET( _xlpm._in,SUBSTITUTE($Q50,"$","§",1), _xlpm._start,FIND("§",_xlpm._in)+1, SUBSTITUTE(MID(_xlpm._in,_xlpm._start,FIND("$",_xlpm._in)-_xlpm._start),"'",""))) | K50: =IF($Q50="","",RIGHT($Q50,LEN($Q50)-FIND("$",SUBSTITUTE($Q50,"$","§",1)))) | L50: {=CreateID($L$2,$I50<>INDEX($I:$I,ROW()-1))} -> 14 | M50: {=IF($Q50="","",INDIRECT($Q50))} | N50: =IF(MOD($H50,2)=0,"D","L") -> L | O50: =IF($A50="",OFFSET($O50,-1,0),$A50) -> QI7
A51: {=IF($Q51="","",_xlfn.LET( _xlpm._fullName,IF($R51="",SUBSTITUTE(SUBSTITUTE(INDIRECT($Q51),CHAR(10)," ")," "," "),$R51), _xlpm._truncatedName,IF(LEN(_xlpm._fullName)>250,LEFT(_xlpm._fullName,250)&"[…]",_xlpm._fullName), HYPERLINK("#'"&$I51&"'!"&$J51&$K51, _xlpm._truncatedName)))} | B51: {=IF($A51="","",SimpleLookup($A51,Questions!$A:$B))} | E51: {=_xlfn.LET( _xlpm._options,IF($O51="","",SimpleLookup($O51,Questions!$A:$H)), _xlpm._followUpStart,FIND($C51&":",_xlpm._options)+LEN($C51&":"), _xlpm._followUpEnd,FIND(CHAR(10),_xlpm._options&CHAR(10),_xlpm._followUpStart), IF($C51="","",TRIM(MID(_xlpm._options,_xlpm._followUpStart,_xlpm._followUpEnd-_xlpm._followUpStart))))} | F51: =Definitions!$H$24 -> 0 | G51: Environmental damages that accumulate to critical impact over time or occur as a single severe incident * Major ecological impact * Regulatory consequences * Long-term remediation required * Irreversible environmental harm | H51: {=CreateID($H$2,$A51<>"")} -> 7 | I51: =IF($Q51="","",_xlfn.LET( _xlpm._in,$Q51, _xlpm._start,FIND("]",_xlpm._in)+1, SUBSTITUTE(MID(_xlpm._in,_xlpm._start,FIND("!",_xlpm._in)-_xlpm._start),"'",""))) | J51: =IF($Q51="","",_xlfn.LET( _xlpm._in,SUBSTITUTE($Q51,"$","§",1), _xlpm._start,FIND("§",_xlpm._in)+1, SUBSTITUTE(MID(_xlpm._in,_xlpm._start,FIND("$",_xlpm._in)-_xlpm._start),"'",""))) | K51: =IF($Q51="","",RIGHT($Q51,LEN($Q51)-FIND("$",SUBSTITUTE($Q51,"$","§",1)))) | L51: {=CreateID($L$2,$I51<>INDEX($I:$I,ROW()-1))} -> 14 | M51: {=IF($Q51="","",INDIRECT($Q51))} | N51: =IF(MOD($H51,2)=0,"D","L") -> L | O51: =IF($A51="",OFFSET($O51,-1,0),$A51) -> QI7
A52: {=IF($Q52="","",_xlfn.LET( _xlpm._fullName,IF($R52="",SUBSTITUTE(SUBSTITUTE(INDIRECT($Q52),CHAR(10)," ")," "," "),$R52), _xlpm._truncatedName,IF(LEN(_xlpm._fullName)>250,LEFT(_xlpm._fullName,250)&"[…]",_xlpm._fullName), HYPERLINK("#'"&$I52&"'!"&$J52&$K52, _xlpm._truncatedName)))} | B52: {=IF($A52="","",SimpleLookup($A52,Questions!$A:$B))} | C52: No | D52: (2) No, if the solution is only used sporadically and its availability is not required during normal operation. Typical cases: * configuration / maintenance / diagnostic / security analysis tools * log or error data collection Examples include tools such as: * SOPAS ET * Safety Designer Loss of availability may cause delayed maintenance, delayed configuration, reduced diagnostics but does not affect ongoing operation. | E52: {=_xlfn.LET( _xlpm._options,IF($O52="","",SimpleLookup($O52,Questions!$A:$H)), _xlpm._followUpStart,FIND($C52&":",_xlpm._options)+LEN($C52&":"), _xlpm._followUpEnd,FIND(CHAR(10),_xlpm._options&CHAR(10),_xlpm._followUpStart), IF($C52="","",TRIM(MID(_xlpm._options,_xlpm._followUpStart,_xlpm._followUpEnd-_xlpm._followUpStart))))} | H52: {=CreateID($H$2,$A52<>"")} -> 7 | I52: =IF($Q52="","",_xlfn.LET( _xlpm._in,$Q52, _xlpm._start,FIND("]",_xlpm._in)+1, SUBSTITUTE(MID(_xlpm._in,_xlpm._start,FIND("!",_xlpm._in)-_xlpm._start),"'",""))) | J52: =IF($Q52="","",_xlfn.LET( _xlpm._in,SUBSTITUTE($Q52,"$","§",1), _xlpm._start,FIND("§",_xlpm._in)+1, SUBSTITUTE(MID(_xlpm._in,_xlpm._start,FIND("$",_xlpm._in)-_xlpm._start),"'",""))) | K52: =IF($Q52="","",RIGHT($Q52,LEN($Q52)-FIND("$",SUBSTITUTE($Q52,"$","§",1)))) | L52: {=CreateID($L$2,$I52<>INDEX($I:$I,ROW()-1))} -> 14 | M52: {=IF($Q52="","",INDIRECT($Q52))} | N52: =IF(MOD($H52,2)=0,"D","L") -> L | O52: =IF($A52="",OFFSET($O52,-1,0),$A52) -> QI7
A53: {=IF($Q53="","",_xlfn.LET( _xlpm._fullName,IF($R53="",SUBSTITUTE(SUBSTITUTE(INDIRECT($Q53),CHAR(10)," ")," "," "),$R53), _xlpm._truncatedName,IF(LEN(_xlpm._fullName)>250,LEFT(_xlpm._fullName,250)&"[…]",_xlpm._fullName), HYPERLINK("#'"&$I53&"'!"&$J53&$K53, _xlpm._truncatedName)))} -> QI8 | B53: {=IF($A53="","",SimpleLookup($A53,Questions!$A:$B))} -> Can a loss of availability allow an attacker access to assets of the customer (including physical access not detected by the << OEM Name >> product)? Example: The product is used for access control. | C53: Yes | D53: (1) Yes, if the solution is part of a chain that authorizes or controls access to protected areas or systems. Applies if loss of availability could: * allow unauthorized persons to enter or leave restricted areas * allow unauthorized system access Examples: * sensors reading employee ID cards * RFID or badge readers * components of access control systems * authorization services (e.g. OAuth 2.0) * gate or door authorization sensors Also Yes if failure results in: * doors or gates opening automatically * access checks being bypassed * assets becoming accessible without detection | E53: {=_xlfn.LET( _xlpm._options,IF($O53="","",SimpleLookup($O53,Questions!$A:$H)), _xlpm._followUpStart,FIND($C53&":",_xlpm._options)+LEN($C53&":"), _xlpm._followUpEnd,FIND(CHAR(10),_xlpm._options&CHAR(10),_xlpm._followUpStart), IF($C53="","",TRIM(MID(_xlpm._options,_xlpm._followUpStart,_xlpm._followUpEnd-_xlpm._followUpStart))))} -> What is the worst case value of these assets for the intended use of the product? | G53: ="Classify the potential direct financial damage to "&Definitions!$C$4&" caused by an incident" -> Classify the potential direct financial damage to << OEM Name >> caused by an incident | H53: {=CreateID($H$2,$A53<>"")} -> 8 | I53: =IF($Q53="","",_xlfn.LET( _xlpm._in,$Q53, _xlpm._start,FIND("]",_xlpm._in)+1, SUBSTITUTE(MID(_xlpm._in,_xlpm._start,FIND("!",_xlpm._in)-_xlpm._start),"'",""))) -> Questionnaire | J53: =IF($Q53="","",_xlfn.LET( _xlpm._in,SUBSTITUTE($Q53,"$","§",1), _xlpm._start,FIND("§",_xlpm._in)+1, SUBSTITUTE(MID(_xlpm._in,_xlpm._start,FIND("$",_xlpm._in)-_xlpm._start),"'",""))) -> B | K53: =IF($Q53="","",RIGHT($Q53,LEN($Q53)-FIND("$",SUBSTITUTE($Q53,"$","§",1)))) -> 19 | L53: {=CreateID($L$2,$I53<>INDEX($I:$I,ROW()-1))} -> 15 | M53: {=IF($Q53="","",INDIRECT($Q53))} -> QI8 | N53: =IF(MOD($H53,2)=0,"D","L") -> D | O53: =IF($A53="",OFFSET($O53,-1,0),$A53) -> QI8 | Q53: {=CELL("address",Questionnaire!$B$19)} -> '[QuBA-libre.xlsx]Questionnaire'!$B$19
A54: {=IF($Q54="","",_xlfn.LET( _xlpm._fullName,IF($R54="",SUBSTITUTE(SUBSTITUTE(INDIRECT($Q54),CHAR(10)," ")," "," "),$R54), _xlpm._truncatedName,IF(LEN(_xlpm._fullName)>250,LEFT(_xlpm._fullName,250)&"[…]",_xlpm._fullName), HYPERLINK("#'"&$I54&"'!"&$J54&$K54, _xlpm._truncatedName)))} | B54: {=IF($A54="","",SimpleLookup($A54,Questions!$A:$B))} | E54: {=_xlfn.LET( _xlpm._options,IF($O54="","",SimpleLookup($O54,Questions!$A:$H)), _xlpm._followUpStart,FIND($C54&":",_xlpm._options)+LEN($C54&":"), _xlpm._followUpEnd,FIND(CHAR(10),_xlpm._options&CHAR(10),_xlpm._followUpStart), IF($C54="","",TRIM(MID(_xlpm._options,_xlpm._followUpStart,_xlpm._followUpEnd-_xlpm._followUpStart))))} | F54: =Definitions!$H$11 -> Medium financial damage | G54: Direct loss, fines for infringements of laws, or violations of contracts below 200,000 EUR Damage level Low | H54: {=CreateID($H$2,$A54<>"")} -> 8 | I54: =IF($Q54="","",_xlfn.LET( _xlpm._in,$Q54, _xlpm._start,FIND("]",_xlpm._in)+1, SUBSTITUTE(MID(_xlpm._in,_xlpm._start,FIND("!",_xlpm._in)-_xlpm._start),"'",""))) | J54: =IF($Q54="","",_xlfn.LET( _xlpm._in,SUBSTITUTE($Q54,"$","§",1), _xlpm._start,FIND("§",_xlpm._in)+1, SUBSTITUTE(MID(_xlpm._in,_xlpm._start,FIND("$",_xlpm._in)-_xlpm._start),"'",""))) | K54: =IF($Q54="","",RIGHT($Q54,LEN($Q54)-FIND("$",SUBSTITUTE($Q54,"$","§",1)))) | L54: {=CreateID($L$2,$I54<>INDEX($I:$I,ROW()-1))} -> 16 | M54: {=IF($Q54="","",INDIRECT($Q54))} | N54: =IF(MOD($H54,2)=0,"D","L") -> D | O54: =IF($A54="",OFFSET($O54,-1,0),$A54) -> QI8
A55: {=IF($Q55="","",_xlfn.LET( _xlpm._fullName,IF($R55="",SUBSTITUTE(SUBSTITUTE(INDIRECT($Q55),CHAR(10)," ")," "," "),$R55), _xlpm._truncatedName,IF(LEN(_xlpm._fullName)>250,LEFT(_xlpm._fullName,250)&"[…]",_xlpm._fullName), HYPERLINK("#'"&$I55&"'!"&$J55&$K55, _xlpm._truncatedName)))} | B55: {=IF($A55="","",SimpleLookup($A55,Questions!$A:$B))} | E55: {=_xlfn.LET( _xlpm._options,IF($O55="","",SimpleLookup($O55,Questions!$A:$H)), _xlpm._followUpStart,FIND($C55&":",_xlpm._options)+LEN($C55&":"), _xlpm._followUpEnd,FIND(CHAR(10),_xlpm._options&CHAR(10),_xlpm._followUpStart), IF($C55="","",TRIM(MID(_xlpm._options,_xlpm._followUpStart,_xlpm._followUpEnd-_xlpm._followUpStart))))} | F55: =Definitions!$H$12 -> High financial damage | G55: Direct loss, fines for infringements of laws, or violations of contracts between 200,000 EUR and 2 million EUR Damage level Medium | H55: {=CreateID($H$2,$A55<>"")} -> 8 | I55: =IF($Q55="","",_xlfn.LET( _xlpm._in,$Q55, _xlpm._start,FIND("]",_xlpm._in)+1, SUBSTITUTE(MID(_xlpm._in,_xlpm._start,FIND("!",_xlpm._in)-_xlpm._start),"'",""))) | J55: =IF($Q55="","",_xlfn.LET( _xlpm._in,SUBSTITUTE($Q55,"$","§",1), _xlpm._start,FIND("§",_xlpm._in)+1, SUBSTITUTE(MID(_xlpm._in,_xlpm._start,FIND("$",_xlpm._in)-_xlpm._start),"'",""))) | K55: =IF($Q55="","",RIGHT($Q55,LEN($Q55)-FIND("$",SUBSTITUTE($Q55,"$","§",1)))) | L55: {=CreateID($L$2,$I55<>INDEX($I:$I,ROW()-1))} -> 16 | M55: {=IF($Q55="","",INDIRECT($Q55))} | N55: =IF(MOD($H55,2)=0,"D","L") -> D | O55: =IF($A55="",OFFSET($O55,-1,0),$A55) -> QI8
A56: {=IF($Q56="","",_xlfn.LET( _xlpm._fullName,IF($R56="",SUBSTITUTE(SUBSTITUTE(INDIRECT($Q56),CHAR(10)," ")," "," "),$R56), _xlpm._truncatedName,IF(LEN(_xlpm._fullName)>250,LEFT(_xlpm._fullName,250)&"[…]",_xlpm._fullName), HYPERLINK("#'"&$I56&"'!"&$J56&$K56, _xlpm._truncatedName)))} | B56: {=IF($A56="","",SimpleLookup($A56,Questions!$A:$B))} | E56: {=_xlfn.LET( _xlpm._options,IF($O56="","",SimpleLookup($O56,Questions!$A:$H)), _xlpm._followUpStart,FIND($C56&":",_xlpm._options)+LEN($C56&":"), _xlpm._followUpEnd,FIND(CHAR(10),_xlpm._options&CHAR(10),_xlpm._followUpStart), IF($C56="","",TRIM(MID(_xlpm._options,_xlpm._followUpStart,_xlpm._followUpEnd-_xlpm._followUpStart))))} | F56: =Definitions!$H$13 -> Critical financial damage | G56: Direct loss, fines for infringements of laws, or violations of contracts between 2 million EUR and 20 million EUR Damage level High | H56: {=CreateID($H$2,$A56<>"")} -> 8 | I56: =IF($Q56="","",_xlfn.LET( _xlpm._in,$Q56, _xlpm._start,FIND("]",_xlpm._in)+1, SUBSTITUTE(MID(_xlpm._in,_xlpm._start,FIND("!",_xlpm._in)-_xlpm._start),"'",""))) | J56: =IF($Q56="","",_xlfn.LET( _xlpm._in,SUBSTITUTE($Q56,"$","§",1), _xlpm._start,FIND("§",_xlpm._in)+1, SUBSTITUTE(MID(_xlpm._in,_xlpm._start,FIND("$",_xlpm._in)-_xlpm._start),"'",""))) | K56: =IF($Q56="","",RIGHT($Q56,LEN($Q56)-FIND("$",SUBSTITUTE($Q56,"$","§",1)))) | L56: {=CreateID($L$2,$I56<>INDEX($I:$I,ROW()-1))} -> 16 | M56: {=IF($Q56="","",INDIRECT($Q56))} | N56: =IF(MOD($H56,2)=0,"D","L") -> D | O56: =IF($A56="",OFFSET($O56,-1,0),$A56) -> QI8
A57: {=IF($Q57="","",_xlfn.LET( _xlpm._fullName,IF($R57="",SUBSTITUTE(SUBSTITUTE(INDIRECT($Q57),CHAR(10)," ")," "," "),$R57), _xlpm._truncatedName,IF(LEN(_xlpm._fullName)>250,LEFT(_xlpm._fullName,250)&"[…]",_xlpm._fullName), HYPERLINK("#'"&$I57&"'!"&$J57&$K57, _xlpm._truncatedName)))} | B57: {=IF($A57="","",SimpleLookup($A57,Questions!$A:$B))} | E57: {=_xlfn.LET( _xlpm._options,IF($O57="","",SimpleLookup($O57,Questions!$A:$H)), _xlpm._followUpStart,FIND($C57&":",_xlpm._options)+LEN($C57&":"), _xlpm._followUpEnd,FIND(CHAR(10),_xlpm._options&CHAR(10),_xlpm._followUpStart), IF($C57="","",TRIM(MID(_xlpm._options,_xlpm._followUpStart,_xlpm._followUpEnd-_xlpm._followUpStart))))} | F57: =Definitions!$H$14 -> Potentially dangerous situation | G57: Direct loss, fines for infringements of laws, or violations of contracts above 20 million EUR, or consequences threatening the company's existence or employees. Damage level Critical | H57: {=CreateID($H$2,$A57<>"")} -> 8 | I57: =IF($Q57="","",_xlfn.LET( _xlpm._in,$Q57, _xlpm._start,FIND("]",_xlpm._in)+1, SUBSTITUTE(MID(_xlpm._in,_xlpm._start,FIND("!",_xlpm._in)-_xlpm._start),"'",""))) | J57: =IF($Q57="","",_xlfn.LET( _xlpm._in,SUBSTITUTE($Q57,"$","§",1), _xlpm._start,FIND("§",_xlpm._in)+1, SUBSTITUTE(MID(_xlpm._in,_xlpm._start,FIND("$",_xlpm._in)-_xlpm._start),"'",""))) | K57: =IF($Q57="","",RIGHT($Q57,LEN($Q57)-FIND("$",SUBSTITUTE($Q57,"$","§",1)))) | L57: {=CreateID($L$2,$I57<>INDEX($I:$I,ROW()-1))} -> 16 | M57: {=IF($Q57="","",INDIRECT($Q57))} | N57: =IF(MOD($H57,2)=0,"D","L") -> D | O57: =IF($A57="",OFFSET($O57,-1,0),$A57) -> QI8
A58: {=IF($Q58="","",_xlfn.LET( _xlpm._fullName,IF($R58="",SUBSTITUTE(SUBSTITUTE(INDIRECT($Q58),CHAR(10)," ")," "," "),$R58), _xlpm._truncatedName,IF(LEN(_xlpm._fullName)>250,LEFT(_xlpm._fullName,250)&"[…]",_xlpm._fullName), HYPERLINK("#'"&$I58&"'!"&$J58&$K58, _xlpm._truncatedName)))} | B58: {=IF($A58="","",SimpleLookup($A58,Questions!$A:$B))} | C58: No | D58: (2) No, in any other case. | E58: {=_xlfn.LET( _xlpm._options,IF($O58="","",SimpleLookup($O58,Questions!$A:$H)), _xlpm._followUpStart,FIND($C58&":",_xlpm._options)+LEN($C58&":"), _xlpm._followUpEnd,FIND(CHAR(10),_xlpm._options&CHAR(10),_xlpm._followUpStart), IF($C58="","",TRIM(MID(_xlpm._options,_xlpm._followUpStart,_xlpm._followUpEnd-_xlpm._followUpStart))))} | H58: {=CreateID($H$2,$A58<>"")} -> 8 | I58: =IF($Q58="","",_xlfn.LET( _xlpm._in,$Q58, _xlpm._start,FIND("]",_xlpm._in)+1, SUBSTITUTE(MID(_xlpm._in,_xlpm._start,FIND("!",_xlpm._in)-_xlpm._start),"'",""))) | J58: =IF($Q58="","",_xlfn.LET( _xlpm._in,SUBSTITUTE($Q58,"$","§",1), _xlpm._start,FIND("§",_xlpm._in)+1, SUBSTITUTE(MID(_xlpm._in,_xlpm._start,FIND("$",_xlpm._in)-_xlpm._start),"'",""))) | K58: =IF($Q58="","",RIGHT($Q58,LEN($Q58)-FIND("$",SUBSTITUTE($Q58,"$","§",1)))) | L58: {=CreateID($L$2,$I58<>INDEX($I:$I,ROW()-1))} -> 16 | M58: {=IF($Q58="","",INDIRECT($Q58))} | N58: =IF(MOD($H58,2)=0,"D","L") -> D | O58: =IF($A58="",OFFSET($O58,-1,0),$A58) -> QI8
A59: {=IF($Q59="","",_xlfn.LET( _xlpm._fullName,IF($R59="",SUBSTITUTE(SUBSTITUTE(INDIRECT($Q59),CHAR(10)," ")," "," "),$R59), _xlpm._truncatedName,IF(LEN(_xlpm._fullName)>250,LEFT(_xlpm._fullName,250)&"[…]",_xlpm._fullName), HYPERLINK("#'"&$I59&"'!"&$J59&$K59, _xlpm._truncatedName)))} -> QI9 | B59: {=IF($A59="","",SimpleLookup($A59,Questions!$A:$B))} -> Can a loss of availability cause contract-related fines (e.g., based on a service level agreement)? | C59: Yes | D59: (1) Yes, if it is reasonable that customer may require such an obligation (1*)The PM should be able to answer this question. | E59: {=_xlfn.LET( _xlpm._options,IF($O59="","",SimpleLookup($O59,Questions!$A:$H)), _xlpm._followUpStart,FIND($C59&":",_xlpm._options)+LEN($C59&":"), _xlpm._followUpEnd,FIND(CHAR(10),_xlpm._options&CHAR(10),_xlpm._followUpStart), IF($C59="","",TRIM(MID(_xlpm._options,_xlpm._followUpStart,_xlpm._followUpEnd-_xlpm._followUpStart))))} -> What is the typical / expected value of the fines for contract violation? | G59: ="Classify the potential direct financial damage to "&Definitions!$C$4&" caused by an incident" -> Classify the potential direct financial damage to << OEM Name >> caused by an incident | H59: {=CreateID($H$2,$A59<>"")} -> 9 | I59: =IF($Q59="","",_xlfn.LET( _xlpm._in,$Q59, _xlpm._start,FIND("]",_xlpm._in)+1, SUBSTITUTE(MID(_xlpm._in,_xlpm._start,FIND("!",_xlpm._in)-_xlpm._start),"'",""))) -> Questionnaire | J59: =IF($Q59="","",_xlfn.LET( _xlpm._in,SUBSTITUTE($Q59,"$","§",1), _xlpm._start,FIND("§",_xlpm._in)+1, SUBSTITUTE(MID(_xlpm._in,_xlpm._start,FIND("$",_xlpm._in)-_xlpm._start),"'",""))) -> B | K59: =IF($Q59="","",RIGHT($Q59,LEN($Q59)-FIND("$",SUBSTITUTE($Q59,"$","§",1)))) -> 20 | L59: {=CreateID($L$2,$I59<>INDEX($I:$I,ROW()-1))} -> 17 | M59: {=IF($Q59="","",INDIRECT($Q59))} -> QI9 | N59: =IF(MOD($H59,2)=0,"D","L") -> L | O59: =IF($A59="",OFFSET($O59,-1,0),$A59) -> QI9 | Q59: {=CELL("address",Questionnaire!$B$20)} -> '[QuBA-libre.xlsx]Questionnaire'!$B$20
A60: {=IF($Q60="","",_xlfn.LET( _xlpm._fullName,IF($R60="",SUBSTITUTE(SUBSTITUTE(INDIRECT($Q60),CHAR(10)," ")," "," "),$R60), _xlpm._truncatedName,IF(LEN(_xlpm._fullName)>250,LEFT(_xlpm._fullName,250)&"[…]",_xlpm._fullName), HYPERLINK("#'"&$I60&"'!"&$J60&$K60, _xlpm._truncatedName)))} | B60: {=IF($A60="","",SimpleLookup($A60,Questions!$A:$B))} | E60: {=_xlfn.LET( _xlpm._options,IF($O60="","",SimpleLookup($O60,Questions!$A:$H)), _xlpm._followUpStart,FIND($C60&":",_xlpm._options)+LEN($C60&":"), _xlpm._followUpEnd,FIND(CHAR(10),_xlpm._options&CHAR(10),_xlpm._followUpStart), IF($C60="","",TRIM(MID(_xlpm._options,_xlpm._followUpStart,_xlpm._followUpEnd-_xlpm._followUpStart))))} | F60: =Definitions!$H$11 -> Medium financial damage | G60: Direct loss, fines for infringements of laws, or violations of contracts below 200,000 EUR Damage level Low | H60: {=CreateID($H$2,$A60<>"")} -> 9 | I60: =IF($Q60="","",_xlfn.LET( _xlpm._in,$Q60, _xlpm._start,FIND("]",_xlpm._in)+1, SUBSTITUTE(MID(_xlpm._in,_xlpm._start,FIND("!",_xlpm._in)-_xlpm._start),"'",""))) | J60: =IF($Q60="","",_xlfn.LET( _xlpm._in,SUBSTITUTE($Q60,"$","§",1), _xlpm._start,FIND("§",_xlpm._in)+1, SUBSTITUTE(MID(_xlpm._in,_xlpm._start,FIND("$",_xlpm._in)-_xlpm._start),"'",""))) | K60: =IF($Q60="","",RIGHT($Q60,LEN($Q60)-FIND("$",SUBSTITUTE($Q60,"$","§",1)))) | L60: {=CreateID($L$2,$I60<>INDEX($I:$I,ROW()-1))} -> 18 | M60: {=IF($Q60="","",INDIRECT($Q60))} | N60: =IF(MOD($H60,2)=0,"D","L") -> L | O60: =IF($A60="",OFFSET($O60,-1,0),$A60) -> QI9
A61: {=IF($Q61="","",_xlfn.LET( _xlpm._fullName,IF($R61="",SUBSTITUTE(SUBSTITUTE(INDIRECT($Q61),CHAR(10)," ")," "," "),$R61), _xlpm._truncatedName,IF(LEN(_xlpm._fullName)>250,LEFT(_xlpm._fullName,250)&"[…]",_xlpm._fullName), HYPERLINK("#'"&$I61&"'!"&$J61&$K61, _xlpm._truncatedName)))} | B61: {=IF($A61="","",SimpleLookup($A61,Questions!$A:$B))} | E61: {=_xlfn.LET( _xlpm._options,IF($O61="","",SimpleLookup($O61,Questions!$A:$H)), _xlpm._followUpStart,FIND($C61&":",_xlpm._options)+LEN($C61&":"), _xlpm._followUpEnd,FIND(CHAR(10),_xlpm._options&CHAR(10),_xlpm._followUpStart), IF($C61="","",TRIM(MID(_xlpm._options,_xlpm._followUpStart,_xlpm._followUpEnd-_xlpm._followUpStart))))} | F61: =Definitions!$H$12 -> High financial damage | G61: Direct loss, fines for infringements of laws, or violations of contracts between 200,000 EUR and 2 million EUR Damage level Medium | H61: {=CreateID($H$2,$A61<>"")} -> 9 | I61: =IF($Q61="","",_xlfn.LET( _xlpm._in,$Q61, _xlpm._start,FIND("]",_xlpm._in)+1, SUBSTITUTE(MID(_xlpm._in,_xlpm._start,FIND("!",_xlpm._in)-_xlpm._start),"'",""))) | J61: =IF($Q61="","",_xlfn.LET( _xlpm._in,SUBSTITUTE($Q61,"$","§",1), _xlpm._start,FIND("§",_xlpm._in)+1, SUBSTITUTE(MID(_xlpm._in,_xlpm._start,FIND("$",_xlpm._in)-_xlpm._start),"'",""))) | K61: =IF($Q61="","",RIGHT($Q61,LEN($Q61)-FIND("$",SUBSTITUTE($Q61,"$","§",1)))) | L61: {=CreateID($L$2,$I61<>INDEX($I:$I,ROW()-1))} -> 18 | M61: {=IF($Q61="","",INDIRECT($Q61))} | N61: =IF(MOD($H61,2)=0,"D","L") -> L | O61: =IF($A61="",OFFSET($O61,-1,0),$A61) -> QI9
A62: {=IF($Q62="","",_xlfn.LET( _xlpm._fullName,IF($R62="",SUBSTITUTE(SUBSTITUTE(INDIRECT($Q62),CHAR(10)," ")," "," "),$R62), _xlpm._truncatedName,IF(LEN(_xlpm._fullName)>250,LEFT(_xlpm._fullName,250)&"[…]",_xlpm._fullName), HYPERLINK("#'"&$I62&"'!"&$J62&$K62, _xlpm._truncatedName)))} | B62: {=IF($A62="","",SimpleLookup($A62,Questions!$A:$B))} | E62: {=_xlfn.LET( _xlpm._options,IF($O62="","",SimpleLookup($O62,Questions!$A:$H)), _xlpm._followUpStart,FIND($C62&":",_xlpm._options)+LEN($C62&":"), _xlpm._followUpEnd,FIND(CHAR(10),_xlpm._options&CHAR(10),_xlpm._followUpStart), IF($C62="","",TRIM(MID(_xlpm._options,_xlpm._followUpStart,_xlpm._followUpEnd-_xlpm._followUpStart))))} | F62: =Definitions!$H$13 -> Critical financial damage | G62: Direct loss, fines for infringements of laws, or violations of contracts between 2 million EUR and 20 million EUR Damage level High | H62: {=CreateID($H$2,$A62<>"")} -> 9 | I62: =IF($Q62="","",_xlfn.LET( _xlpm._in,$Q62, _xlpm._start,FIND("]",_xlpm._in)+1, SUBSTITUTE(MID(_xlpm._in,_xlpm._start,FIND("!",_xlpm._in)-_xlpm._start),"'",""))) | J62: =IF($Q62="","",_xlfn.LET( _xlpm._in,SUBSTITUTE($Q62,"$","§",1), _xlpm._start,FIND("§",_xlpm._in)+1, SUBSTITUTE(MID(_xlpm._in,_xlpm._start,FIND("$",_xlpm._in)-_xlpm._start),"'",""))) | K62: =IF($Q62="","",RIGHT($Q62,LEN($Q62)-FIND("$",SUBSTITUTE($Q62,"$","§",1)))) | L62: {=CreateID($L$2,$I62<>INDEX($I:$I,ROW()-1))} -> 18 | M62: {=IF($Q62="","",INDIRECT($Q62))} | N62: =IF(MOD($H62,2)=0,"D","L") -> L | O62: =IF($A62="",OFFSET($O62,-1,0),$A62) -> QI9
A63: {=IF($Q63="","",_xlfn.LET( _xlpm._fullName,IF($R63="",SUBSTITUTE(SUBSTITUTE(INDIRECT($Q63),CHAR(10)," ")," "," "),$R63), _xlpm._truncatedName,IF(LEN(_xlpm._fullName)>250,LEFT(_xlpm._fullName,250)&"[…]",_xlpm._fullName), HYPERLINK("#'"&$I63&"'!"&$J63&$K63, _xlpm._truncatedName)))} | B63: {=IF($A63="","",SimpleLookup($A63,Questions!$A:$B))} | E63: {=_xlfn.LET( _xlpm._options,IF($O63="","",SimpleLookup($O63,Questions!$A:$H)), _xlpm._followUpStart,FIND($C63&":",_xlpm._options)+LEN($C63&":"), _xlpm._followUpEnd,FIND(CHAR(10),_xlpm._options&CHAR(10),_xlpm._followUpStart), IF($C63="","",TRIM(MID(_xlpm._options,_xlpm._followUpStart,_xlpm._followUpEnd-_xlpm._followUpStart))))} | F63: =Definitions!$H$14 -> Potentially dangerous situation | G63: Direct loss, fines for infringements of laws, or violations of contracts above 20 million EUR, or consequences threatening the company's existence or employees. Damage level Critical | H63: {=CreateID($H$2,$A63<>"")} -> 9 | I63: =IF($Q63="","",_xlfn.LET( _xlpm._in,$Q63, _xlpm._start,FIND("]",_xlpm._in)+1, SUBSTITUTE(MID(_xlpm._in,_xlpm._start,FIND("!",_xlpm._in)-_xlpm._start),"'",""))) | J63: =IF($Q63="","",_xlfn.LET( _xlpm._in,SUBSTITUTE($Q63,"$","§",1), _xlpm._start,FIND("§",_xlpm._in)+1, SUBSTITUTE(MID(_xlpm._in,_xlpm._start,FIND("$",_xlpm._in)-_xlpm._start),"'",""))) | K63: =IF($Q63="","",RIGHT($Q63,LEN($Q63)-FIND("$",SUBSTITUTE($Q63,"$","§",1)))) | L63: {=CreateID($L$2,$I63<>INDEX($I:$I,ROW()-1))} -> 18 | M63: {=IF($Q63="","",INDIRECT($Q63))} | N63: =IF(MOD($H63,2)=0,"D","L") -> L | O63: =IF($A63="",OFFSET($O63,-1,0),$A63) -> QI9
A64: {=IF($Q64="","",_xlfn.LET( _xlpm._fullName,IF($R64="",SUBSTITUTE(SUBSTITUTE(INDIRECT($Q64),CHAR(10)," ")," "," "),$R64), _xlpm._truncatedName,IF(LEN(_xlpm._fullName)>250,LEFT(_xlpm._fullName,250)&"[…]",_xlpm._fullName), HYPERLINK("#'"&$I64&"'!"&$J64&$K64, _xlpm._truncatedName)))} | B64: {=IF($A64="","",SimpleLookup($A64,Questions!$A:$B))} | C64: No | D64: (2) No, in any other case. | E64: {=_xlfn.LET( _xlpm._options,IF($O64="","",SimpleLookup($O64,Questions!$A:$H)), _xlpm._followUpStart,FIND($C64&":",_xlpm._options)+LEN($C64&":"), _xlpm._followUpEnd,FIND(CHAR(10),_xlpm._options&CHAR(10),_xlpm._followUpStart), IF($C64="","",TRIM(MID(_xlpm._options,_xlpm._followUpStart,_xlpm._followUpEnd-_xlpm._followUpStart))))} | H64: {=CreateID($H$2,$A64<>"")} -> 9 | I64: =IF($Q64="","",_xlfn.LET( _xlpm._in,$Q64, _xlpm._start,FIND("]",_xlpm._in)+1, SUBSTITUTE(MID(_xlpm._in,_xlpm._start,FIND("!",_xlpm._in)-_xlpm._start),"'",""))) | J64: =IF($Q64="","",_xlfn.LET( _xlpm._in,SUBSTITUTE($Q64,"$","§",1), _xlpm._start,FIND("§",_xlpm._in)+1, SUBSTITUTE(MID(_xlpm._in,_xlpm._start,FIND("$",_xlpm._in)-_xlpm._start),"'",""))) | K64: =IF($Q64="","",RIGHT($Q64,LEN($Q64)-FIND("$",SUBSTITUTE($Q64,"$","§",1)))) | L64: {=CreateID($L$2,$I64<>INDEX($I:$I,ROW()-1))} -> 18 | M64: {=IF($Q64="","",INDIRECT($Q64))} | N64: =IF(MOD($H64,2)=0,"D","L") -> L | O64: =IF($A64="",OFFSET($O64,-1,0),$A64) -> QI9
A65: {=IF($Q65="","",_xlfn.LET( _xlpm._fullName,IF($R65="",SUBSTITUTE(SUBSTITUTE(INDIRECT($Q65),CHAR(10)," ")," "," "),$R65), _xlpm._truncatedName,IF(LEN(_xlpm._fullName)>250,LEFT(_xlpm._fullName,250)&"[…]",_xlpm._fullName), HYPERLINK("#'"&$I65&"'!"&$J65&$K65, _xlpm._truncatedName)))} -> QI10 | B65: {=IF($A65="","",SimpleLookup($A65,Questions!$A:$B))} -> Can a manipulated product (or its communication) endanger the health of people? Also consider cases where the product is used against its intended use or misconfigured! | C65: Yes | D65: (1) Yes, for safety solutions. | E65: {=_xlfn.LET( _xlpm._options,IF($O65="","",SimpleLookup($O65,Questions!$A:$H)), _xlpm._followUpStart,FIND($C65&":",_xlpm._options)+LEN($C65&":"), _xlpm._followUpEnd,FIND(CHAR(10),_xlpm._options&CHAR(10),_xlpm._followUpStart), IF($C65="","",TRIM(MID(_xlpm._options,_xlpm._followUpStart,_xlpm._followUpEnd-_xlpm._followUpStart))))} -> What is the worst case severity of the injury for the intended use of the product? | G65: Classify the worst credible impact | H65: {=CreateID($H$2,$A65<>"")} -> 10 | I65: =IF($Q65="","",_xlfn.LET( _xlpm._in,$Q65, _xlpm._start,FIND("]",_xlpm._in)+1, SUBSTITUTE(MID(_xlpm._in,_xlpm._start,FIND("!",_xlpm._in)-_xlpm._start),"'",""))) -> Questionnaire | J65: =IF($Q65="","",_xlfn.LET( _xlpm._in,SUBSTITUTE($Q65,"$","§",1), _xlpm._start,FIND("§",_xlpm._in)+1, SUBSTITUTE(MID(_xlpm._in,_xlpm._start,FIND("$",_xlpm._in)-_xlpm._start),"'",""))) -> B | K65: =IF($Q65="","",RIGHT($Q65,LEN($Q65)-FIND("$",SUBSTITUTE($Q65,"$","§",1)))) -> 23 | L65: {=CreateID($L$2,$I65<>INDEX($I:$I,ROW()-1))} -> 19 | M65: {=IF($Q65="","",INDIRECT($Q65))} -> QI10 | N65: =IF(MOD($H65,2)=0,"D","L") -> D | O65: =IF($A65="",OFFSET($O65,-1,0),$A65) -> QI10 | Q65: {=CELL("address",Questionnaire!$B$23)} -> '[QuBA-libre.xlsx]Questionnaire'!$B$23
A66: {=IF($Q66="","",_xlfn.LET( _xlpm._fullName,IF($R66="",SUBSTITUTE(SUBSTITUTE(INDIRECT($Q66),CHAR(10)," ")," "," "),$R66), _xlpm._truncatedName,IF(LEN(_xlpm._fullName)>250,LEFT(_xlpm._fullName,250)&"[…]",_xlpm._fullName), HYPERLINK("#'"&$I66&"'!"&$J66&$K66, _xlpm._truncatedName)))} | B66: {=IF($A66="","",SimpleLookup($A66,Questions!$A:$B))} | E66: {=_xlfn.LET( _xlpm._options,IF($O66="","",SimpleLookup($O66,Questions!$A:$H)), _xlpm._followUpStart,FIND($C66&":",_xlpm._options)+LEN($C66&":"), _xlpm._followUpEnd,FIND(CHAR(10),_xlpm._options&CHAR(10),_xlpm._followUpStart), IF($C66="","",TRIM(MID(_xlpm._options,_xlpm._followUpStart,_xlpm._followUpEnd-_xlpm._followUpStart))))} | F66: =Definitions!$H$15 -> Light or moderate injury | G66: Hazardous situation without actual injury. * Unsafe condition occurs * No physical injury * Near-miss event * Protective mechanisms still effective * Situation reversible without medical treatment | H66: {=CreateID($H$2,$A66<>"")} -> 10 | I66: =IF($Q66="","",_xlfn.LET( _xlpm._in,$Q66, _xlpm._start,FIND("]",_xlpm._in)+1, SUBSTITUTE(MID(_xlpm._in,_xlpm._start,FIND("!",_xlpm._in)-_xlpm._start),"'",""))) | J66: =IF($Q66="","",_xlfn.LET( _xlpm._in,SUBSTITUTE($Q66,"$","§",1), _xlpm._start,FIND("§",_xlpm._in)+1, SUBSTITUTE(MID(_xlpm._in,_xlpm._start,FIND("$",_xlpm._in)-_xlpm._start),"'",""))) | K66: =IF($Q66="","",RIGHT($Q66,LEN($Q66)-FIND("$",SUBSTITUTE($Q66,"$","§",1)))) | L66: {=CreateID($L$2,$I66<>INDEX($I:$I,ROW()-1))} -> 20 | M66: {=IF($Q66="","",INDIRECT($Q66))} | N66: =IF(MOD($H66,2)=0,"D","L") -> D | O66: =IF($A66="",OFFSET($O66,-1,0),$A66) -> QI10
A67: {=IF($Q67="","",_xlfn.LET( _xlpm._fullName,IF($R67="",SUBSTITUTE(SUBSTITUTE(INDIRECT($Q67),CHAR(10)," ")," "," "),$R67), _xlpm._truncatedName,IF(LEN(_xlpm._fullName)>250,LEFT(_xlpm._fullName,250)&"[…]",_xlpm._fullName), HYPERLINK("#'"&$I67&"'!"&$J67&$K67, _xlpm._truncatedName)))} | B67: {=IF($A67="","",SimpleLookup($A67,Questions!$A:$B))} | E67: {=_xlfn.LET( _xlpm._options,IF($O67="","",SimpleLookup($O67,Questions!$A:$H)), _xlpm._followUpStart,FIND($C67&":",_xlpm._options)+LEN($C67&":"), _xlpm._followUpEnd,FIND(CHAR(10),_xlpm._options&CHAR(10),_xlpm._followUpStart), IF($C67="","",TRIM(MID(_xlpm._options,_xlpm._followUpStart,_xlpm._followUpEnd-_xlpm._followUpStart))))} | F67: =Definitions!$H$16 -> Severe injury (survival probable) | G67: Light or moderate injury. * Minor cuts, bruises, sprains * Temporary discomfort * Outpatient medical treatment sufficient * Short recovery time * No permanent impairment | H67: {=CreateID($H$2,$A67<>"")} -> 10 | I67: =IF($Q67="","",_xlfn.LET( _xlpm._in,$Q67, _xlpm._start,FIND("]",_xlpm._in)+1, SUBSTITUTE(MID(_xlpm._in,_xlpm._start,FIND("!",_xlpm._in)-_xlpm._start),"'",""))) | J67: =IF($Q67="","",_xlfn.LET( _xlpm._in,SUBSTITUTE($Q67,"$","§",1), _xlpm._start,FIND("§",_xlpm._in)+1, SUBSTITUTE(MID(_xlpm._in,_xlpm._start,FIND("$",_xlpm._in)-_xlpm._start),"'",""))) | K67: =IF($Q67="","",RIGHT($Q67,LEN($Q67)-FIND("$",SUBSTITUTE($Q67,"$","§",1)))) | L67: {=CreateID($L$2,$I67<>INDEX($I:$I,ROW()-1))} -> 20 | M67: {=IF($Q67="","",INDIRECT($Q67))} | N67: =IF(MOD($H67,2)=0,"D","L") -> D | O67: =IF($A67="",OFFSET($O67,-1,0),$A67) -> QI10
A68: {=IF($Q68="","",_xlfn.LET( _xlpm._fullName,IF($R68="",SUBSTITUTE(SUBSTITUTE(INDIRECT($Q68),CHAR(10)," ")," "," "),$R68), _xlpm._truncatedName,IF(LEN(_xlpm._fullName)>250,LEFT(_xlpm._fullName,250)&"[…]",_xlpm._fullName), HYPERLINK("#'"&$I68&"'!"&$J68&$K68, _xlpm._truncatedName)))} | B68: {=IF($A68="","",SimpleLookup($A68,Questions!$A:$B))} | E68: {=_xlfn.LET( _xlpm._options,IF($O68="","",SimpleLookup($O68,Questions!$A:$H)), _xlpm._followUpStart,FIND($C68&":",_xlpm._options)+LEN($C68&":"), _xlpm._followUpEnd,FIND(CHAR(10),_xlpm._options&CHAR(10),_xlpm._followUpStart), IF($C68="","",TRIM(MID(_xlpm._options,_xlpm._followUpStart,_xlpm._followUpEnd-_xlpm._followUpStart))))} | F68: =Definitions!$H$17 -> Life-threatening injury | G68: Severe injury; survival probable. * Serious fractures * Hospitalization required * Surgical intervention possible * Long recovery time * Possible lasting impairment | H68: {=CreateID($H$2,$A68<>"")} -> 10 | I68: =IF($Q68="","",_xlfn.LET( _xlpm._in,$Q68, _xlpm._start,FIND("]",_xlpm._in)+1, SUBSTITUTE(MID(_xlpm._in,_xlpm._start,FIND("!",_xlpm._in)-_xlpm._start),"'",""))) | J68: =IF($Q68="","",_xlfn.LET( _xlpm._in,SUBSTITUTE($Q68,"$","§",1), _xlpm._start,FIND("§",_xlpm._in)+1, SUBSTITUTE(MID(_xlpm._in,_xlpm._start,FIND("$",_xlpm._in)-_xlpm._start),"'",""))) | K68: =IF($Q68="","",RIGHT($Q68,LEN($Q68)-FIND("$",SUBSTITUTE($Q68,"$","§",1)))) | L68: {=CreateID($L$2,$I68<>INDEX($I:$I,ROW()-1))} -> 20 | M68: {=IF($Q68="","",INDIRECT($Q68))} | N68: =IF(MOD($H68,2)=0,"D","L") -> D | O68: =IF($A68="",OFFSET($O68,-1,0),$A68) -> QI10
